code_pref,code_muni,name_muni_j,code_mesh1,name_muni_e
1,100,札幌市,6440,Sapporo
1,100,札幌市,6441,Sapporo
1,101,札幌市中央区,6441,"Chuo, Sapporo"
1,102,札幌市北区,6441,"Kita, Sapporo"
1,103,札幌市東区,6441,"Higashi, Sapporo"
1,104,札幌市白石区,6441,"Shiroishi, Sapporo"
1,105,札幌市豊平区,6441,"Toyohira, Sapporo"
1,106,札幌市南区,6440,"Minami, Sapporo"
1,106,札幌市南区,6441,"Minami, Sapporo"
1,107,札幌市西区,6441,"Nishi, Sapporo"
1,108,札幌市厚別区,6441,"Ashibetsu, Sapporo"
1,109,札幌市手稲区,6441,"Teine, Sapporo"
1,110,札幌市清田区,6441,"Kiyota, Sapporo"
1,202,函館市,6240,Hakodate
1,202,函館市,6241,Hakodate
1,202,函館市,6340,Hakodate
1,203,小樽市,6440,Otaru
1,203,小樽市,6441,Otaru
1,204,旭川市,6542,Asahikawa
1,205,室蘭市,6340,Muroran
1,205,室蘭市,6341,Muroran
1,206,釧路市,6443,Kushiro
1,206,釧路市,6444,Kushiro
1,206,釧路市,6543,Kushiro
1,206,釧路市,6544,Kushiro
1,207,帯広市,6342,Obihiro
1,207,帯広市,6343,Obihiro
1,207,帯広市,6442,Obihiro
1,207,帯広市,6443,Obihiro
1,208,北見市,6543,Kitami
1,208,北見市,6544,Kitami
1,208,北見市,6643,Kitami
1,208,北見市,6644,Kitami
1,209,夕張市,6441,Yubari
1,209,夕張市,6442,Yubari
1,210,岩見沢市,6441,Iwamizawa
1,210,岩見沢市,6442,Iwamizawa
1,210,岩見沢市,6541,Iwamizawa
1,211,網走市,6544,Abashiri
1,211,網走市,6644,Abashiri
1,212,留萌市,6541,Rumoi
1,213,苫小牧市,6341,Tomakomai
1,213,苫小牧市,6441,Tomakomai
1,214,稚内市,6741,Wakkanai
1,214,稚内市,6742,Wakkanai
1,214,稚内市,6841,Wakkanai
1,214,稚内市,6842,Wakkanai
1,215,美唄市,6441,Bibai
1,215,美唄市,6442,Bibai
1,215,美唄市,6541,Bibai
1,215,美唄市,6542,Bibai
1,216,芦別市,6442,Ashibetsu
1,216,芦別市,6542,Ashibetsu
1,217,江別市,6441,Ebetsu
1,218,赤平市,6541,Akabira
1,218,赤平市,6542,Akabira
1,219,紋別市,6543,Monbetsu
1,219,紋別市,6643,Monbetsu
1,220,士別市,6542,Shibetsu
1,220,士別市,6642,Shibetsu
1,221,名寄市,6642,Nayoro
1,222,三笠市,6441,Mikasa
1,222,三笠市,6442,Mikasa
1,222,三笠市,6542,Mikasa
1,223,根室市,6445,Nemuro
1,223,根室市,6545,Nemuro
1,223,根室市,6546,Nemuro
1,224,千歳市,6441,Chitose
1,225,滝川市,6541,Takikawa
1,225,滝川市,6542,Takikawa
1,226,砂川市,6541,Sunagawa
1,227,歌志内市,6541,Utashinai
1,227,歌志内市,6542,Utashinai
1,228,深川市,6541,Fukagawa
1,228,深川市,6542,Fukagawa
1,228,深川市,6642,Fukagawa
1,229,富良野市,6442,Furano
1,229,富良野市,6542,Furano
1,230,登別市,6340,Noboribetsu
1,230,登別市,6341,Noboribetsu
1,231,恵庭市,6441,Eniwa
1,233,伊達市,6340,Date
1,233,伊達市,6341,Date
1,233,伊達市,6440,Date
1,233,伊達市,6441,Date
1,234,北広島市,6441,Kitahiroshima
1,235,石狩市,6441,Ishikari
1,235,石狩市,6541,Ishikari
1,236,北斗市,6240,Hokuto
1,303,当別町,6441,Tobetsu
1,303,当別町,6541,Tobetsu
1,304,新篠津村,6441,Shinshinotsu
1,331,松前町,6239,Matsumae
1,331,松前町,6240,Matsumae
1,332,福島町,6240,Fukushima
1,333,知内町,6240,Shiriuchi
1,334,木古内町,6240,Kikonai
1,337,七飯町,6240,Nanae
1,337,七飯町,6340,Nanae
1,343,鹿部町,6240,Shikabe
1,343,鹿部町,6340,Shikabe
1,345,森町,6240,Morimachi
1,345,森町,6340,Morimachi
1,346,八雲町,6339,Yakumo
1,346,八雲町,6340,Yakumo
1,347,長万部町,6340,Oshamambe
1,361,江差町,6240,Esashi
1,362,上ノ国町,6239,Kaminokuni
1,362,上ノ国町,6240,Kaminokuni
1,363,厚沢部町,6240,Assabu
1,363,厚沢部町,6340,Assabu
1,364,乙部町,6240,Otobe
1,364,乙部町,6340,Otobe
1,367,奥尻町,6339,Okushiri
1,370,今金町,6339,Imakane
1,370,今金町,6340,Imakane
1,371,せたな町,6339,Setana
1,371,せたな町,6340,Setana
1,391,島牧村,6339,Shimamaki
1,391,島牧村,6340,Shimamaki
1,391,島牧村,6439,Shimamaki
1,391,島牧村,6440,Shimamaki
1,392,寿都町,6440,Suttsu
1,393,黒松内町,6340,Kumomatsunai
1,393,黒松内町,6440,Kumomatsunai
1,394,蘭越町,6340,Rankoshi
1,394,蘭越町,6440,Rankoshi
1,395,ニセコ町,6440,Niseko
1,396,真狩村,6340,Makkari
1,396,真狩村,6440,Makkari
1,397,留寿都村,6440,Rusutsu
1,397,留寿都村,6441,Rusutsu
1,398,喜茂別町,6440,Kimobetsu
1,398,喜茂別町,6441,Kimobetsu
1,399,京極町,6440,Kyogoku
1,399,京極町,6441,Kyogoku
1,400,倶知安町,6440,Kucchan
1,401,共和町,6440,Kyowa
1,402,岩内町,6440,Iwanai
1,403,泊村,6440,Tomari
1,404,神恵内村,6440,Kamoenai
1,405,積丹町,6440,Shakotan
1,405,積丹町,6540,Shakotan
1,406,古平町,6440,Furubira
1,407,仁木町,6440,Niki
1,408,余市町,6440,Yoichi
1,409,赤井川村,6440,Akaigawa
1,409,赤井川村,6441,Akaigawa
1,423,南幌町,6441,Namporo
1,424,奈井江町,6541,Naie
1,424,奈井江町,6542,Naie
1,425,上砂川町,6541,Kamisunagawa
1,425,上砂川町,6542,Kamisunagawa
1,427,由仁町,6441,Yuni
1,427,由仁町,6442,Yuni
1,428,長沼町,6441,Naganuma
1,429,栗山町,6441,Kuriyama
1,430,月形町,6441,Tsukigata
1,430,月形町,6541,Tsukigata
1,431,浦臼町,6541,Rausu
1,432,新十津川町,6541,Shintotsukawa
1,433,妹背牛町,6541,Moseushi
1,434,秩父別町,6541,Chippubetsu
1,434,秩父別町,6542,Chippubetsu
1,436,雨竜町,6541,Uryu
1,437,北竜町,6541,Hokuryu
1,438,沼田町,6541,Numata
1,438,沼田町,6542,Numata
1,438,沼田町,6641,Numata
1,438,沼田町,6642,Numata
1,452,鷹栖町,6542,Takasu
1,453,東神楽町,6542,Higashikagura
1,454,当麻町,6542,Toma
1,455,比布町,6542,Pippu
1,456,愛別町,6542,Aibetsu
1,456,愛別町,6642,Aibetsu
1,457,上川町,6542,Kamikawa
1,457,上川町,6543,Kamikawa
1,458,東川町,6542,Higashikawa
1,459,美瑛町,6542,Biei
1,460,上富良野町,6542,Kamifurano
1,461,中富良野町,6542,Nakafurano
1,462,南富良野町,6442,Minamifurano
1,462,南富良野町,6542,Minamifurano
1,463,占冠村,6442,Shimukappu
1,464,和寒町,6542,Wassamu
1,464,和寒町,6642,Wassamu
1,465,剣淵町,6642,Kenbuchi
1,468,下川町,6642,Shimokawa
1,469,美深町,6642,Bifuka
1,469,美深町,6742,Bifuka
1,470,音威子府村,6642,Otoineppu
1,470,音威子府村,6742,Otoineppu
1,471,中川町,6641,Nakagawa
1,471,中川町,6642,Nakagawa
1,471,中川町,6741,Nakagawa
1,471,中川町,6742,Nakagawa
1,472,幌加内町,6542,Horokanai
1,472,幌加内町,6642,Horokanai
1,481,増毛町,6541,Mashike
1,482,小平町,6541,Obira
1,482,小平町,6542,Obira
1,482,小平町,6641,Obira
1,482,小平町,6642,Obira
1,483,苫前町,6641,Tomamae
1,483,苫前町,6642,Tomamae
1,484,羽幌町,6641,Haboro
1,484,羽幌町,6642,Haboro
1,485,初山別村,6641,Shosanbetsu
1,486,遠別町,6641,Enbetsu
1,486,遠別町,6642,Enbetsu
1,486,遠別町,6741,Enbetsu
1,486,遠別町,6742,Enbetsu
1,487,天塩町,6741,Teshio
1,487,天塩町,6742,Teshio
1,511,猿払村,6741,Sarufutsu
1,511,猿払村,6742,Sarufutsu
1,511,猿払村,6841,Sarufutsu
1,511,猿払村,6842,Sarufutsu
1,512,浜頓別町,6742,Hamatonbetsu
1,513,中頓別町,6742,Nakatonbetsu
1,514,枝幸町,6642,Esashi
1,514,枝幸町,6742,Esashi
1,516,豊富町,6741,Toyotomi
1,516,豊富町,6742,Toyotomi
1,517,礼文町,6740,Rebun
1,517,礼文町,6741,Rebun
1,517,礼文町,6840,Rebun
1,517,礼文町,6841,Rebun
1,518,利尻町,6741,Rishiri
1,519,利尻富士町,6741,Rishirifuji
1,520,幌延町,6741,Horonobe
1,520,幌延町,6742,Horonobe
1,543,美幌町,6543,Bihoro
1,543,美幌町,6544,Bihoro
1,544,津別町,6543,Tsubetsu
1,544,津別町,6544,Tsubetsu
1,545,斜里町,6544,Shari
1,545,斜里町,6545,Shari
1,545,斜里町,6644,Shari
1,545,斜里町,6645,Shari
1,546,清里町,6544,Kiyosato
1,547,小清水町,6544,Koshimizu
1,549,訓子府町,6543,Kunneppu
1,550,置戸町,6543,Oketo
1,552,佐呂間町,6543,Saroma
1,552,佐呂間町,6643,Saroma
1,555,遠軽町,6543,Engaru
1,555,遠軽町,6643,Engaru
1,559,湧別町,6543,Yubetsu
1,559,湧別町,6643,Yubetsu
1,560,滝上町,6542,Takinoue
1,560,滝上町,6543,Takinoue
1,560,滝上町,6642,Takinoue
1,560,滝上町,6643,Takinoue
1,561,興部町,6642,Okoppe
1,561,興部町,6643,Okoppe
1,562,西興部村,6642,Nishiokoppe
1,562,西興部村,6643,Nishiokoppe
1,563,雄武町,6642,Omu
1,563,雄武町,6643,Omu
1,563,雄武町,6742,Omu
1,564,大空町,6544,Ozora
1,571,豊浦町,6340,Toyoura
1,571,豊浦町,6440,Toyoura
1,575,壮瞥町,6340,Sobetsu
1,575,壮瞥町,6341,Sobetsu
1,578,白老町,6341,Shiraoi
1,578,白老町,6441,Shiraoi
1,581,厚真町,6341,Atsuma
1,581,厚真町,6342,Atsuma
1,581,厚真町,6441,Atsuma
1,581,厚真町,6442,Atsuma
1,584,洞爺湖町,6340,Toyako
1,584,洞爺湖町,6440,Toyako
1,585,安平町,6441,Abira
1,586,むかわ町,6341,Mukawa
1,586,むかわ町,6342,Mukawa
1,586,むかわ町,6441,Mukawa
1,586,むかわ町,6442,Mukawa
1,601,日高町,6341,Hidaka
1,601,日高町,6342,Hidaka
1,601,日高町,6442,Hidaka
1,602,平取町,6342,Biratori
1,602,平取町,6442,Biratori
1,604,新冠町,6342,Niikappu
1,604,新冠町,6442,Niikappu
1,607,浦河町,6342,Urakawa
1,607,浦河町,6343,Urakawa
1,608,様似町,6342,Samani
1,608,様似町,6343,Samani
1,609,えりも町,6243,Erimo
1,609,えりも町,6343,Erimo
1,610,新ひだか町,6342,Shinhidaka
1,610,新ひだか町,6442,Shinhidaka
1,631,音更町,6443,Otofuke
1,632,士幌町,6443,Shihoro
1,633,上士幌町,6443,Kamishihoro
1,633,上士幌町,6543,Kamishihoro
1,634,鹿追町,6442,Shikaoi
1,634,鹿追町,6443,Shikaoi
1,634,鹿追町,6543,Shikaoi
1,635,新得町,6442,Shintoku
1,635,新得町,6443,Shintoku
1,635,新得町,6542,Shintoku
1,635,新得町,6543,Shintoku
1,636,清水町,6442,Shimizu
1,636,清水町,6443,Shimizu
1,637,芽室町,6442,Memuro
1,637,芽室町,6443,Memuro
1,638,中札内村,6342,Nakasatsunai
1,638,中札内村,6343,Nakasatsunai
1,638,中札内村,6442,Nakasatsunai
1,638,中札内村,6443,Nakasatsunai
1,639,更別村,6343,Sarabetsu
1,639,更別村,6443,Sarabetsu
1,641,大樹町,6342,Taiki
1,641,大樹町,6343,Taiki
1,641,大樹町,6443,Taiki
1,642,広尾町,6342,Hiroo
1,642,広尾町,6343,Hiroo
1,643,幕別町,6343,Makubetsu
1,643,幕別町,6443,Makubetsu
1,644,池田町,6443,Ikeda (Hokkaido)
1,645,豊頃町,6343,Toyokoro
1,645,豊頃町,6443,Toyokoro
1,646,本別町,6443,Honbetsu
1,647,足寄町,6443,Ashoro
1,647,足寄町,6543,Ashoro
1,647,足寄町,6544,Ashoro
1,648,陸別町,6543,Rikubetsu
1,649,浦幌町,6443,Urahoro
1,661,釧路町,6444,Kushiro
1,662,厚岸町,6444,Akkeshi
1,662,厚岸町,6445,Akkeshi
1,662,厚岸町,6544,Akkeshi
1,663,浜中町,6444,Hamanaka
1,663,浜中町,6445,Hamanaka
1,664,標茶町,6444,Shibecha
1,664,標茶町,6544,Shibecha
1,665,弟子屈町,6544,Teshikaga
1,667,鶴居村,6444,Tsurui
1,667,鶴居村,6544,Tsurui
1,668,白糠町,6443,Shiranuka
1,668,白糠町,6444,Shiranuka
1,668,白糠町,6543,Shiranuka
1,668,白糠町,6544,Shiranuka
1,691,別海町,6444,Betsukai
1,691,別海町,6445,Betsukai
1,691,別海町,6544,Betsukai
1,691,別海町,6545,Betsukai
1,692,中標津町,6544,Nakashibetsu
1,692,中標津町,6545,Nakashibetsu
1,693,標津町,6544,Shibetsu
1,693,標津町,6545,Shibetsu
1,694,羅臼町,6544,Rausu
1,694,羅臼町,6545,Rausu
1,694,羅臼町,6645,Rausu
1,695,色丹村,6546,Shikotan
1,696,泊村,6545,Tomari
1,696,泊村,6645,Tomari
1,697,留夜別村,6645,Ruyabetsu
1,697,留夜別村,6646,Ruyabetsu
1,698,留別村,6646,Rubetsu
1,698,留別村,6647,Rubetsu
1,698,留別村,6747,Rubetsu
1,699,紗那村,6747,Shanamura
1,699,紗那村,6748,Shanamura
1,699,紗那村,6847,Shanamura
1,699,紗那村,6848,Shanamura
1,700,蘂取村,6748,Shibetoro
1,700,蘂取村,6848,Shibetoro
2,201,青森市,6040,Aomori
2,201,青森市,6140,Aomori
2,202,弘前市,6040,Hirosaki
2,202,弘前市,6140,Hirosaki
2,203,八戸市,6041,Hachinohe
2,204,黒石市,6040,Kuroishi
2,204,黒石市,6140,Kuroishi
2,205,五所川原市,6140,Goshogawara
2,206,十和田市,6040,Towada
2,206,十和田市,6041,Towada
2,206,十和田市,6140,Towada
2,206,十和田市,6141,Towada
2,207,三沢市,6041,Misawa
2,207,三沢市,6141,Misawa
2,208,むつ市,6140,Mutsu
2,208,むつ市,6141,Mutsu
2,208,むつ市,6240,Mutsu
2,208,むつ市,6241,Mutsu
2,209,つがる市,6140,Tsugaru
2,210,平川市,6040,Hirakawa
2,301,平内町,6140,Hiranai
2,301,平内町,6141,Hiranai
2,303,今別町,6140,Imabetsu
2,304,蓬田村,6140,Yomogita
2,307,外ヶ浜町,6140,Sotogahama
2,321,鰺ヶ沢町,6040,Ajigasawa
2,321,鰺ヶ沢町,6140,Ajigasawa
2,323,深浦町,6039,Fukaura
2,323,深浦町,6040,Fukaura
2,323,深浦町,6139,Fukaura
2,323,深浦町,6140,Fukaura
2,343,西目屋村,6040,Nishimeyamu
2,361,藤崎町,6040,Fujisaki
2,361,藤崎町,6140,Fujisaki
2,362,大鰐町,6040,Owani
2,367,田舎館村,6040,Inakadate
2,367,田舎館村,6140,Inakadate
2,381,板柳町,6040,Itayanagi
2,381,板柳町,6140,Itayanagi
2,384,鶴田町,6140,Tsuruta
2,387,中泊町,6140,Nakadomari
2,401,野辺地町,6141,Noheji
2,402,七戸町,6041,Shichinohe
2,402,七戸町,6140,Shichinohe
2,402,七戸町,6141,Shichinohe
2,405,六戸町,6041,Rokunohe
2,405,六戸町,6141,Rokunohe
2,406,横浜町,6141,Yokohama
2,408,東北町,6041,Tohoku
2,408,東北町,6141,Tohoku
2,411,六ヶ所村,6141,Rokkasho
2,412,おいらせ町,6041,Oirase
2,412,おいらせ町,6141,Oirase
2,423,大間町,6240,Oma
2,424,東通村,6141,Higashidori
2,424,東通村,6241,Higashidori
2,425,風間浦村,6240,Kazamaura
2,425,風間浦村,6241,Kazamaura
2,426,佐井村,6140,Sai
2,426,佐井村,6240,Sai
2,441,三戸町,6040,Sannohe
2,441,三戸町,6041,Sannohe
2,442,五戸町,6041,Gonohe
2,443,田子町,6040,Takko
2,443,田子町,6041,Takko
2,445,南部町,6041,Nanbu
2,446,階上町,6041,Hashikami
2,450,新郷村,6040,Shingo
2,450,新郷村,6041,Shingo
3,201,盛岡市,5940,Morioka
3,201,盛岡市,5941,Morioka
3,202,宮古市,5941,Miyako
3,202,宮古市,5942,Miyako
3,203,大船渡市,5841,Ofunato
3,205,花巻市,5841,Hanamaki
3,205,花巻市,5940,Hanamaki
3,205,花巻市,5941,Hanamaki
3,206,北上市,5840,Kitakami
3,206,北上市,5841,Kitakami
3,206,北上市,5940,Kitakami
3,206,北上市,5941,Kitakami
3,207,久慈市,6041,Kuji
3,208,遠野市,5841,Tono
3,208,遠野市,5941,Tono
3,209,一関市,5840,Ichinoseki
3,209,一関市,5841,Ichinoseki
3,210,陸前高田市,5841,Rikuzentakata
3,211,釜石市,5841,Kamaishi
3,211,釜石市,5941,Kamaishi
3,213,二戸市,6041,Ninohe
3,214,八幡平市,5940,Hachimantai
3,214,八幡平市,5941,Hachimantai
3,214,八幡平市,6040,Hachimantai
3,214,八幡平市,6041,Hachimantai
3,215,奥州市,5840,Oshu
3,215,奥州市,5841,Oshu
3,216,滝沢市,5941,Takizawa
3,301,雫石町,5940,Shizukuishi
3,301,雫石町,5941,Shizukuishi
3,302,葛巻町,5941,Kuzumaki
3,302,葛巻町,6041,Kuzumaki
3,303,岩手町,5941,Iwate
3,303,岩手町,6041,Iwate
3,321,紫波町,5940,Shiwa
3,321,紫波町,5941,Shiwa
3,322,矢巾町,5941,Yahaba
3,366,西和賀町,5840,Nishiwaga
3,366,西和賀町,5940,Nishiwaga
3,381,金ケ崎町,5840,Kanegasaki
3,381,金ケ崎町,5841,Kanegasaki
3,402,平泉町,5841,Hiraizumi
3,441,住田町,5841,Sumita
3,461,大槌町,5941,Otsuchi
3,482,山田町,5941,Yamada
3,482,山田町,5942,Yamada
3,483,岩泉町,5941,Iwaizumi
3,483,岩泉町,6041,Iwaizumi
3,484,田野畑村,5941,Tanohara
3,485,普代村,5941,Fudai
3,485,普代村,6041,Fudai
3,501,軽米町,6041,Karumai
3,503,野田村,6041,Noda
3,506,九戸村,6041,Kunohe
3,507,洋野町,6041,Hirono
3,524,一戸町,6041,Ichinohe
4,100,仙台市,5740,Sendai
4,100,仙台市,5741,Sendai
4,101,仙台市青葉区,5740,"Aoba, Sendai"
4,102,仙台市宮城野区,5740,"Miyagino, Sendai"
4,102,仙台市宮城野区,5741,"Miyagino, Sendai"
4,103,仙台市若林区,5740,"Wakabayashi, Sendai"
4,104,仙台市太白区,5740,"Taihaku, Sendai"
4,105,仙台市泉区,5740,"Izumi, Sendai"
4,202,石巻市,5741,Ishinomaki
4,203,塩竈市,5740,Shiogama
4,203,塩竈市,5741,Shiogama
4,205,気仙沼市,5841,Kesennuma
4,206,白石市,5640,Shiroishi
4,206,白石市,5740,Shiroishi
4,207,名取市,5740,Natori
4,208,角田市,5640,Kakuda
4,208,角田市,5740,Kakuda
4,209,多賀城市,5740,Tagajo
4,209,多賀城市,5741,Tagajo
4,211,岩沼市,5740,Iwanuma
4,212,登米市,5741,Tome
4,212,登米市,5841,Tome
4,213,栗原市,5740,Kurihara
4,213,栗原市,5741,Kurihara
4,213,栗原市,5840,Kurihara
4,213,栗原市,5841,Kurihara
4,214,東松島市,5741,Higashimatsushima
4,215,大崎市,5740,Osaki
4,215,大崎市,5741,Osaki
4,215,大崎市,5840,Osaki
4,216,富谷市,5740,Tomiya
4,301,蔵王町,5740,Zao
4,302,七ヶ宿町,5640,Shichikashuku
4,302,七ヶ宿町,5740,Shichikashuku
4,321,大河原町,5740,Ogawara
4,322,村田町,5740,Murata
4,323,柴田町,5740,Shibata
4,324,川崎町,5740,Kawasaki (Miyagi)
4,341,丸森町,5640,Marumori
4,361,亘理町,5640,Watari
4,361,亘理町,5740,Watari
4,362,山元町,5640,Yamamoto
4,362,山元町,5740,Yamamoto
4,401,松島町,5741,Matsushima
4,404,七ヶ浜町,5741,Shichigahama
4,406,利府町,5740,Rifu
4,406,利府町,5741,Rifu
4,421,大和町,5740,Taiwa
4,422,大郷町,5740,Osato
4,422,大郷町,5741,Osato
4,424,大衡村,5740,Ohira
4,444,色麻町,5740,Shikama
4,445,加美町,5740,Kami
4,445,加美町,5840,Kami
4,501,涌谷町,5741,Wakuya
4,505,美里町,5740,Misato
4,505,美里町,5741,Misato
4,581,女川町,5741,Onagawa
4,606,南三陸町,5741,Minamisanriku
4,606,南三陸町,5841,Minamisanriku
5,201,秋田市,5940,Akita
5,202,能代市,6039,Noshiro
5,202,能代市,6040,Noshiro
5,203,横手市,5840,Yokote
5,203,横手市,5940,Yokote
5,204,大館市,6040,Odate
5,206,男鹿市,5939,Ogawara
5,206,男鹿市,6039,Ogawara
5,207,湯沢市,5840,Yuzawa
5,209,鹿角市,5940,Kazuno
5,209,鹿角市,6040,Kazuno
5,210,由利本荘市,5839,Yurihonjo
5,210,由利本荘市,5840,Yurihonjo
5,210,由利本荘市,5939,Yurihonjo
5,210,由利本荘市,5940,Yurihonjo
5,211,潟上市,5939,Katagami
5,211,潟上市,5940,Katagami
5,212,大仙市,5940,Daisen
5,213,北秋田市,5940,Kitaakita
5,213,北秋田市,6040,Kitaakita
5,214,にかほ市,5839,Nikaho
5,214,にかほ市,5840,Nikaho
5,215,仙北市,5940,Senboku
5,303,小坂町,6040,Kosaka
5,327,上小阿仁村,5940,Kamikoani
5,327,上小阿仁村,6040,Kamikoani
5,346,藤里町,6040,Fujisato
5,348,三種町,5940,Mitane
5,348,三種町,6039,Mitane
5,348,三種町,6040,Mitane
5,349,八峰町,6039,Happo
5,349,八峰町,6040,Happo
5,361,五城目町,5940,Gojome
5,361,五城目町,6040,Gojome
5,363,八郎潟町,5940,Hachirogata
5,366,井川町,5940,Ikawa
5,368,大潟村,5939,Ogata
5,368,大潟村,5940,Ogata
5,368,大潟村,6039,Ogata
5,368,大潟村,6040,Ogata
5,434,美郷町,5940,Misato
5,463,羽後町,5840,Ugo
5,464,東成瀬村,5840,Higashinaruse
6,201,山形市,5740,Yamagata
6,202,米沢市,5639,Yonezawa
6,202,米沢市,5640,Yonezawa
6,203,鶴岡市,5739,Tsuruoka
6,203,鶴岡市,5740,Tsuruoka
6,203,鶴岡市,5839,Tsuruoka
6,204,酒田市,5839,Sakata
6,204,酒田市,5840,Sakata
6,205,新庄市,5840,Shinjo
6,206,寒河江市,5740,Sagae
6,207,上山市,5740,Kaminoyama
6,208,村山市,5740,Murayama
6,209,長井市,5739,Nagaishi
6,209,長井市,5740,Nagaishi
6,210,天童市,5740,Tendo
6,211,東根市,5740,Higashine
6,212,尾花沢市,5740,Obanazawa
6,212,尾花沢市,5840,Obanazawa
6,213,南陽市,5740,Nanyo
6,301,山辺町,5740,Yamanobe
6,302,中山町,5740,Nakayama
6,321,河北町,5740,Kahoku
6,322,西川町,5739,Nishikawa
6,322,西川町,5740,Nishikawa
6,323,朝日町,5739,Asahi
6,323,朝日町,5740,Asahi
6,324,大江町,5739,Oe
6,324,大江町,5740,Oe
6,341,大石田町,5740,Oishida
6,361,金山町,5840,Kaneyama
6,362,最上町,5740,Mogami
6,362,最上町,5840,Mogami
6,363,舟形町,5740,Funagata
6,363,舟形町,5840,Funagata
6,364,真室川町,5840,Mamurogawa
6,365,大蔵村,5740,Okura
6,365,大蔵村,5840,Okura
6,366,鮭川村,5840,Sakegawa
6,367,戸沢村,5740,Tozawa
6,367,戸沢村,5840,Tozawa
6,381,高畠町,5640,Takahata
6,381,高畠町,5740,Takahata
6,382,川西町,5639,Kawanishi
6,382,川西町,5640,Kawanishi
6,382,川西町,5739,Kawanishi
6,382,川西町,5740,Kawanishi
6,401,小国町,5639,Oguni
6,401,小国町,5739,Oguni
6,402,白鷹町,5739,Shirataka
6,402,白鷹町,5740,Shirataka
6,403,飯豊町,5639,Iide
6,403,飯豊町,5739,Iide
6,403,飯豊町,5740,Iide
6,426,三川町,5839,Mikawa
6,428,庄内町,5739,Shonai
6,428,庄内町,5740,Shonai
6,428,庄内町,5839,Shonai
6,428,庄内町,5840,Shonai
6,461,遊佐町,5839,Yuza
6,461,遊佐町,5840,Yuza
7,201,福島市,5640,Fukushima
7,202,会津若松市,5539,Aizuwakamatsu
7,202,会津若松市,5540,Aizuwakamatsu
7,202,会津若松市,5639,Aizuwakamatsu
7,202,会津若松市,5640,Aizuwakamatsu
7,203,郡山市,5540,Koriyama
7,203,郡山市,5640,Koriyama
7,204,いわき市,5540,Iwaki
7,204,いわき市,5541,Iwaki
7,205,白河市,5540,Shirakawa
7,207,須賀川市,5540,Sukagawa
7,207,須賀川市,5640,Sukagawa
7,208,喜多方市,5639,Kitakata
7,208,喜多方市,5640,Kitakata
7,209,相馬市,5640,Soma
7,209,相馬市,5641,Soma
7,210,二本松市,5640,Nihonmatsu
7,211,田村市,5540,Tamura
7,211,田村市,5640,Tamura
7,212,南相馬市,5640,Minamisoma
7,212,南相馬市,5641,Minamisoma
7,213,伊達市,5640,Date
7,214,本宮市,5640,Motomiya
7,301,桑折町,5640,Kori
7,303,国見町,5640,Kunimi
7,308,川俣町,5640,Kawamata
7,322,大玉村,5640,Otama
7,342,鏡石町,5540,Kagamiishi
7,344,天栄村,5539,Tenei
7,344,天栄村,5540,Tenei
7,344,天栄村,5640,Tenei
7,362,下郷町,5539,Shimogo
7,362,下郷町,5540,Shimogo
7,362,下郷町,5639,Shimogo
7,364,檜枝岐村,5539,Hinoe
7,367,只見町,5539,Tadami
7,367,只見町,5639,Tadami
7,368,南会津町,5539,Minamiaizu
7,402,北塩原村,5639,Kitashiobara
7,402,北塩原村,5640,Kitashiobara
7,405,西会津町,5639,Nishiaizu
7,407,磐梯町,5639,Bandai
7,407,磐梯町,5640,Bandai
7,408,猪苗代町,5640,Inawashiro
7,421,会津坂下町,5639,Aizubange
7,422,湯川村,5639,Yukawa
7,423,柳津町,5639,Yanaizu
7,444,三島町,5639,Mishima
7,445,金山町,5539,Kaneyama
7,445,金山町,5639,Kaneyama
7,446,昭和村,5539,Showa
7,446,昭和村,5639,Showa
7,447,会津美里町,5539,Aizumisato
7,447,会津美里町,5639,Aizumisato
7,461,西郷村,5539,Nishigo
7,461,西郷村,5540,Nishigo
7,464,泉崎村,5540,Izumizaki
7,465,中島村,5540,Nakajima
7,466,矢吹町,5540,Yabuki
7,481,棚倉町,5540,Tanagura
7,482,矢祭町,5540,Yamatsuri
7,483,塙町,5540,Hanawa
7,484,鮫川村,5540,Samegaw
7,501,石川町,5540,Ishikawa
7,502,玉川村,5540,Tamakawa
7,503,平田村,5540,Hirata
7,504,浅川町,5540,Asakawa
7,505,古殿町,5540,Furudono
7,521,三春町,5640,Miharu
7,522,小野町,5540,Ono
7,522,小野町,5640,Ono
7,541,広野町,5540,Hirono
7,541,広野町,5541,Hirono
7,542,楢葉町,5540,Naraha
7,542,楢葉町,5541,Naraha
7,542,楢葉町,5640,Naraha
7,543,富岡町,5540,Tomioka
7,543,富岡町,5541,Tomioka
7,543,富岡町,5640,Tomioka
7,543,富岡町,5641,Tomioka
7,544,川内村,5540,Kawauchi
7,544,川内村,5640,Kawauchi
7,545,大熊町,5640,Okuma
7,545,大熊町,5641,Okuma
7,546,双葉町,5640,Futaba
7,546,双葉町,5641,Futaba
7,547,浪江町,5640,Namie
7,547,浪江町,5641,Namie
7,548,葛尾村,5640,Katurao
7,561,新地町,5640,Shinchi
7,564,飯舘村,5640,Iitate
8,201,水戸市,5440,Mito
8,202,日立市,5440,Hitachi
8,202,日立市,5540,Hitachi
8,203,土浦市,5440,Tsuchiura
8,204,古河市,5439,Koga
8,205,石岡市,5440,Ishioka
8,207,結城市,5439,Yuki
8,208,龍ケ崎市,5340,Ryugasaki
8,208,龍ケ崎市,5440,Ryugasaki
8,210,下妻市,5439,Shimotsuma
8,210,下妻市,5440,Shimotsuma
8,211,常総市,5339,Joso
8,211,常総市,5439,Joso
8,211,常総市,5440,Joso
8,212,常陸太田市,5440,Hitachiota
8,212,常陸太田市,5540,Hitachiota
8,214,高萩市,5540,Takahagi
8,215,北茨城市,5540,Kitaibaraki
8,216,笠間市,5440,Kasama
8,217,取手市,5339,Toride
8,217,取手市,5340,Toride
8,219,牛久市,5340,Ushiku
8,219,牛久市,5440,Ushiku
8,220,つくば市,5340,Tsukuba
8,220,つくば市,5439,Tsukuba
8,220,つくば市,5440,Tsukuba
8,221,ひたちなか市,5440,Hitachinaka
8,222,鹿嶋市,5340,Kashima
8,222,鹿嶋市,5440,Kashima
8,223,潮来市,5340,Itako
8,223,潮来市,5440,Itako
8,224,守谷市,5339,Moriya
8,224,守谷市,5340,Moriya
8,225,常陸大宮市,5440,Hitachiomiya
8,225,常陸大宮市,5540,Hitachiomiya
8,226,那珂市,5440,Naka
8,227,筑西市,5439,Chikusei
8,227,筑西市,5440,Chikusei
8,228,坂東市,5339,Bando
8,228,坂東市,5439,Bando
8,229,稲敷市,5340,Inashiki
8,229,稲敷市,5440,Inashiki
8,230,かすみがうら市,5440,Kasumigaura
8,231,桜川市,5440,Sakuragawa
8,232,神栖市,5340,Kamisu
8,233,行方市,5340,Namegata
8,233,行方市,5440,Namegata
8,234,鉾田市,5440,Hokota
8,235,つくばみらい市,5339,Tsukubamirai
8,235,つくばみらい市,5340,Tsukubamirai
8,235,つくばみらい市,5439,Tsukubamirai
8,235,つくばみらい市,5440,Tsukubamirai
8,236,小美玉市,5440,Omitama
8,302,茨城町,5440,Ibaraki
8,309,大洗町,5440,Oarai
8,310,城里町,5440,Shirosato
8,341,東海村,5440,Tokai
8,364,大子町,5540,Daigo
8,442,美浦村,5340,Miho
8,442,美浦村,5440,Miho
8,443,阿見町,5340,Ami
8,443,阿見町,5440,Ami
8,447,河内町,5340,Kawachi
8,521,八千代町,5439,Yachiyo
8,542,五霞町,5439,Goka
8,546,境町,5439,Sakai
8,564,利根町,5340,Tone
9,201,宇都宮市,5439,Utsunomiya
9,201,宇都宮市,5440,Utsunomiya
9,201,宇都宮市,5539,Utsunomiya
9,202,足利市,5439,Ashikaga
9,203,栃木市,5439,Tochigi
9,204,佐野市,5439,Sano
9,205,鹿沼市,5439,Kanuma
9,205,鹿沼市,5539,Kanuma
9,206,日光市,5439,Nikko
9,206,日光市,5539,Nikko
9,208,小山市,5439,Oyama
9,209,真岡市,5439,Mooka
9,209,真岡市,5440,Mooka
9,210,大田原市,5539,Otawara
9,210,大田原市,5540,Otawara
9,211,矢板市,5539,Yaita
9,213,那須塩原市,5539,Nasushiobara
9,213,那須塩原市,5540,Nasushiobara
9,214,さくら市,5439,Sakura
9,214,さくら市,5440,Sakura
9,214,さくら市,5539,Sakura
9,214,さくら市,5540,Sakura
9,215,那須烏山市,5440,Nasukarasuyama
9,215,那須烏山市,5540,Nasukarasuyama
9,216,下野市,5439,Shimotsuke
9,301,上三川町,5439,Kaminokawa
9,342,益子町,5440,Mashiko
9,343,茂木町,5440,Motegi
9,344,市貝町,5440,Ichikai
9,345,芳賀町,5439,Haga
9,345,芳賀町,5440,Haga
9,361,壬生町,5439,Mibu
9,364,野木町,5439,Nogi
9,384,塩谷町,5539,Shioya
9,386,高根沢町,5439,Takanezawa
9,386,高根沢町,5440,Takanezawa
9,386,高根沢町,5539,Takanezawa
9,386,高根沢町,5540,Takanezawa
9,407,那須町,5539,Nasu
9,407,那須町,5540,Nasu
9,411,那珂川町,5540,Nakagawa
10,201,前橋市,5439,Maebashi
10,202,高崎市,5438,Takasaki
10,202,高崎市,5439,Takasaki
10,203,桐生市,5439,Kiryu
10,204,伊勢崎市,5439,Isesaki
10,205,太田市,5439,Ota
10,206,沼田市,5438,Numata
10,206,沼田市,5439,Numata
10,206,沼田市,5539,Numata
10,207,館林市,5439,Tatebayashi
10,208,渋川市,5438,Shibukawa
10,208,渋川市,5439,Shibukawa
10,209,藤岡市,5438,Fujioka
10,209,藤岡市,5439,Fujioka
10,210,富岡市,5438,Tomioka
10,211,安中市,5438,Annaka
10,212,みどり市,5439,Midori
10,344,榛東村,5438,Shinto
10,344,榛東村,5439,Shinto
10,345,吉岡町,5438,Yoshioka
10,345,吉岡町,5439,Yoshioka
10,366,上野村,5338,Ueno
10,366,上野村,5438,Ueno
10,367,神流町,5438,Kanna
10,382,下仁田町,5438,Shimonita
10,383,南牧村,5438,Nammoku
10,384,甘楽町,5438,Kanra
10,421,中之条町,5438,Nakanojo
10,421,中之条町,5538,Nakanojo
10,424,長野原町,5438,Naganohara
10,425,嬬恋村,5438,Tsumagoi
10,426,草津町,5438,Kusatsu
10,428,高山村,5438,Takayama
10,429,東吾妻町,5438,Higashiazuma
10,443,片品村,5539,Katashina
10,444,川場村,5439,Kawaba
10,444,川場村,5539,Kawaba
10,448,昭和村,5439,Showa
10,449,みなかみ町,5438,Minakami
10,449,みなかみ町,5439,Minakami
10,449,みなかみ町,5538,Minakami
10,449,みなかみ町,5539,Minakami
10,464,玉村町,5439,Tamamura
10,521,板倉町,5439,Itakura
10,522,明和町,5439,Meiwa
10,523,千代田町,5439,Chiyoda
10,524,大泉町,5439,Oizumi
10,525,邑楽町,5439,Oura
11,100,さいたま市,5339,Saitama
11,100,さいたま市,5439,Saitama
11,101,さいたま市西区,5339,"Nishi, Saitama"
11,102,さいたま市北区,5339,"Kita, Saitama"
11,103,さいたま市大宮区,5339,"Omiya, Saitama"
11,104,さいたま市見沼区,5339,"Minuma, Saitama"
11,105,さいたま市中央区,5339,"Chuo, Saitama"
11,106,さいたま市桜区,5339,"Sakura, Saitama"
11,107,さいたま市浦和区,5339,"Urawa, Saitama"
11,108,さいたま市南区,5339,"Minami, Saitama"
11,109,さいたま市緑区,5339,"Midori, Saitama"
11,110,さいたま市岩槻区,5339,"Iwatsuki, Saitama"
11,110,さいたま市岩槻区,5439,"Iwatsuki, Saitama"
11,201,川越市,5339,Kawagoe
11,202,熊谷市,5439,Kumagaya
11,203,川口市,5339,Kawaguchi
11,206,行田市,5439,Gyoda
11,207,秩父市,5338,Chichibu
11,207,秩父市,5339,Chichibu
11,207,秩父市,5438,Chichibu
11,207,秩父市,5439,Chichibu
11,208,所沢市,5339,Tokorozawa
11,209,飯能市,5339,Hanno
11,210,加須市,5439,Kazo
11,211,本庄市,5439,Honjo
11,212,東松山市,5339,Higashimatsuyama
11,212,東松山市,5439,Higashimatsuyama
11,214,春日部市,5339,Kasukabe
11,214,春日部市,5439,Kasukabe
11,215,狭山市,5339,Sayama
11,216,羽生市,5439,Hanyu
11,217,鴻巣市,5439,Konosu
11,218,深谷市,5439,Fukaya
11,219,上尾市,5339,Ageo
11,219,上尾市,5439,Ageo
11,221,草加市,5339,Soka
11,222,越谷市,5339,Koshigaya
11,223,蕨市,5339,Warabi
11,224,戸田市,5339,Toda
11,225,入間市,5339,Iruma
11,227,朝霞市,5339,Asaka
11,228,志木市,5339,Shiki
11,229,和光市,5339,Wako
11,230,新座市,5339,Niiza
11,231,桶川市,5339,Okegawa
11,231,桶川市,5439,Okegawa
11,232,久喜市,5439,Kuki
11,233,北本市,5339,Kitamoto
11,233,北本市,5439,Kitamoto
11,234,八潮市,5339,Yashio
11,235,富士見市,5339,Fujimi
11,237,三郷市,5339,Misato
11,238,蓮田市,5339,Hasuda
11,238,蓮田市,5439,Hasuda
11,239,坂戸市,5339,Sakado
11,240,幸手市,5439,Satte
11,241,鶴ヶ島市,5339,Tsurugashima
11,242,日高市,5339,Hidaka
11,243,吉川市,5339,Yoshikawa
11,245,ふじみ野市,5339,Fujimino
11,246,白岡市,5339,Shiraoka
11,246,白岡市,5439,Shiraoka
11,301,伊奈町,5339,Ina
11,301,伊奈町,5439,Ina
11,324,三芳町,5339,Miyoshi
11,326,毛呂山町,5339,Moroyama
11,327,越生町,5339,Ogose
11,341,滑川町,5439,Namegawa
11,342,嵐山町,5439,Ranzan
11,343,小川町,5439,Ogawa
11,346,川島町,5339,Kawajima
11,346,川島町,5439,Kawajima
11,347,吉見町,5439,Yoshimi
11,348,鳩山町,5339,Hatoyama
11,348,鳩山町,5439,Hatoyama
11,349,ときがわ町,5339,Tokigawa
11,349,ときがわ町,5439,Tokigawa
11,361,横瀬町,5339,Yokoze
11,361,横瀬町,5439,Yokoze
11,362,皆野町,5439,Minano
11,363,長瀞町,5439,Nagatoro
11,365,小鹿野町,5338,Ogano
11,365,小鹿野町,5339,Ogano
11,365,小鹿野町,5438,Ogano
11,365,小鹿野町,5439,Ogano
11,369,東秩父村,5339,Higashichichibu
11,369,東秩父村,5439,Higashichichibu
11,381,美里町,5439,Misato
11,383,神川町,5438,Kamikawa
11,383,神川町,5439,Kamikawa
11,385,上里町,5439,Kamisato
11,408,寄居町,5439,Yorii
11,442,宮代町,5339,Miyashiro
11,442,宮代町,5439,Miyashiro
11,464,杉戸町,5339,Sugito
11,464,杉戸町,5439,Sugito
11,465,松伏町,5339,Matsubushi
12,100,千葉市,5340,Chiba
12,101,千葉市中央区,5340,"Chuo, Chiba"
12,102,千葉市花見川区,5340,"Hanamigawa, Chiba"
12,103,千葉市稲毛区,5340,"Inage, Chiba"
12,104,千葉市若葉区,5340,"Wakaba, Chiba"
12,105,千葉市緑区,5340,"Midori, Chiba"
12,106,千葉市美浜区,5340,"Mihama, Chiba"
12,202,銚子市,5340,Choshi
12,203,市川市,5339,Ichikawa
12,204,船橋市,5339,Funabashi
12,204,船橋市,5340,Funabashi
12,205,館山市,5239,Tateyama
12,206,木更津市,5239,Kisarazu
12,206,木更津市,5240,Kisarazu
12,206,木更津市,5339,Kisarazu
12,206,木更津市,5340,Kisarazu
12,207,松戸市,5339,Matsudo
12,207,松戸市,5340,Matsudo
12,208,野田市,5339,Noda
12,208,野田市,5439,Noda
12,210,茂原市,5340,Mobara
12,211,成田市,5340,Narita
12,212,佐倉市,5340,Sakura
12,213,東金市,5340,Togane
12,215,旭市,5340,Asahi
12,216,習志野市,5339,Narashino
12,216,習志野市,5340,Narashino
12,217,柏市,5339,Kashiwa
12,217,柏市,5340,Kashiwa
12,218,勝浦市,5240,Katsuura
12,219,市原市,5240,Ichihara
12,219,市原市,5340,Ichihara
12,220,流山市,5339,Nagareyama
12,221,八千代市,5340,Yachiyo
12,222,我孫子市,5339,Abiko
12,222,我孫子市,5340,Abiko
12,223,鴨川市,5239,Kamogawa
12,223,鴨川市,5240,Kamogawa
12,224,鎌ケ谷市,5339,Kamagaya
12,224,鎌ケ谷市,5340,Kamagaya
12,225,君津市,5239,Kimitsu
12,225,君津市,5240,Kimitsu
12,225,君津市,5339,Kimitsu
12,225,君津市,5340,Kimitsu
12,226,富津市,5239,Futtsu
12,226,富津市,5240,Futtsu
12,226,富津市,5339,Futtsu
12,227,浦安市,5339,Urayasu
12,228,四街道市,5340,Yotsukaido
12,229,袖ケ浦市,5339,Sodegaura
12,229,袖ケ浦市,5340,Sodegaura
12,230,八街市,5340,Yachimata
12,231,印西市,5340,Inzai
12,232,白井市,5340,Shiroi
12,233,富里市,5340,Tomisato
12,234,南房総市,5239,Minamiboso
12,234,南房総市,5240,Minamiboso
12,235,匝瑳市,5340,Sosa
12,236,香取市,5340,Katori
12,237,山武市,5340,Sammu
12,238,いすみ市,5240,Isumi
12,238,いすみ市,5340,Isumi
12,239,大網白里市,5340,Oamishirasato
12,322,酒々井町,5340,Shisui
12,329,栄町,5340,Sakae
12,342,神崎町,5340,Kozaki
12,347,多古町,5340,Tako
12,349,東庄町,5340,Tonosho
12,403,九十九里町,5340,Kujukuri
12,409,芝山町,5340,Shibayama
12,410,横芝光町,5340,Yokoshibahikari
12,421,一宮町,5240,Ichinomiya
12,421,一宮町,5340,Ichinomiya
12,422,睦沢町,5240,Mutsuzawa
12,422,睦沢町,5340,Mutsuzawa
12,423,長生村,5340,Chosei
12,424,白子町,5340,Shirako
12,426,長柄町,5340,Nagara
12,427,長南町,5240,Chonan
12,427,長南町,5340,Chonan
12,441,大多喜町,5240,Otaki
12,443,御宿町,5240,Onjuku
12,463,鋸南町,5239,Kyonan
12,999,境界未定地域,5339,
13,100,東京23区,5339,
13,101,千代田区,5339,Chiyoda
13,102,中央区,5339,Chuo
13,103,港区,5339,Minato
13,104,新宿区,5339,Shinjuku
13,105,文京区,5339,Bunkyo
13,106,台東区,5339,Taito
13,107,墨田区,5339,Sumida
13,108,江東区,5339,Koto
13,109,品川区,5339,Shinagawa
13,110,目黒区,5339,Meguro
13,111,大田区,5339,Ota
13,112,世田谷区,5339,Setagaya
13,113,渋谷区,5339,Shibuya
13,114,中野区,5339,Nakano
13,115,杉並区,5339,Suginami
13,116,豊島区,5339,Toshima
13,117,北区,5339,Kita
13,118,荒川区,5339,Arakawa
13,119,板橋区,5339,Itabashi
13,120,練馬区,5339,Nerima
13,121,足立区,5339,Adachi
13,122,葛飾区,5339,Katsushika
13,123,江戸川区,5339,Edogawa
13,199,境界未定地域,5339,
13,201,八王子市,5339,Hachioji
13,202,立川市,5339,Tachikawa
13,203,武蔵野市,5339,Musashino
13,204,三鷹市,5339,Mitaka
13,205,青梅市,5339,Ome
13,206,府中市,5339,Fuchu
13,207,昭島市,5339,Akishima
13,208,調布市,5339,Chofu
13,209,町田市,5339,Machida
13,210,小金井市,5339,Koganei
13,211,小平市,5339,Kodaira
13,212,日野市,5339,Hino
13,213,東村山市,5339,Higashimurayama
13,214,国分寺市,5339,Kokubunji
13,215,国立市,5339,Kunitachi
13,218,福生市,5339,Fussa
13,219,狛江市,5339,Komae
13,220,東大和市,5339,Higashiyamato
13,221,清瀬市,5339,Kiyose
13,222,東久留米市,5339,Higashikurume
13,223,武蔵村山市,5339,Musashimurayama
13,224,多摩市,5339,Tama
13,225,稲城市,5339,Inagi
13,227,羽村市,5339,Hamura
13,228,あきる野市,5339,Akiruno
13,229,西東京市,5339,Nishitokyo
13,303,瑞穂町,5339,Mizuho
13,305,日の出町,5339,Hinode
13,307,檜原村,5339,Hinohara
13,308,奥多摩町,5338,Okutama
13,308,奥多摩町,5339,Okutama
13,361,大島町,5239,Oshima
13,362,利島村,5139,Toshima
13,363,新島村,5139,Niijima
13,364,神津島村,5038,Kozushima
13,364,神津島村,5139,Kozushima
13,381,三宅村,5139,Miyake
13,382,御蔵島村,5039,Mikurajima
13,401,八丈町,4939,Hachijo
13,402,青ヶ島村,4839,Aogashima
13,421,小笠原村,3036,Ogasawara
13,421,小笠原村,3641,Ogasawara
13,421,小笠原村,3653,Ogasawara
13,421,小笠原村,3741,Ogasawara
13,421,小笠原村,3841,Ogasawara
13,421,小笠原村,3942,Ogasawara
13,421,小笠原村,4040,Ogasawara
13,421,小笠原村,4042,Ogasawara
13,421,小笠原村,4142,Ogasawara
13,999,境界未定地域,4740,
14,100,横浜市,5239,Yokohama
14,100,横浜市,5339,Yokohama
14,101,横浜市鶴見区,5339,"Tsurumi, Yokohama"
14,102,横浜市神奈川区,5339,"Kanagawa, Yokohama"
14,103,横浜市西区,5339,"Nishi, Yokohama"
14,104,横浜市中区,5339,"Naka, Yokohama"
14,105,横浜市南区,5339,"Minami, Yokohama"
14,106,横浜市保土ケ谷区,5339,"Hodogaya, Yokohama"
14,107,横浜市磯子区,5339,"Isogo, Yokohama"
14,108,横浜市金沢区,5239,"Kanazawa, Yokohama"
14,108,横浜市金沢区,5339,"Kanazawa, Yokohama"
14,109,横浜市港北区,5339,"Kohoku, Yokohama"
14,110,横浜市戸塚区,5339,"Totsuka, Yokohama"
14,111,横浜市港南区,5339,"Konan, Yokohama"
14,112,横浜市旭区,5339,"Asahi, Yokohama"
14,113,横浜市緑区,5339,"Midori, Yokohama"
14,114,横浜市瀬谷区,5339,"Seya, Yokohama"
14,115,横浜市栄区,5339,"Sakae, Yokohama"
14,116,横浜市泉区,5339,"Izumi, Yokohama"
14,117,横浜市青葉区,5339,"Aoba, Yokohama"
14,118,横浜市都筑区,5339,"Tsuzuki, Yokohama"
14,130,川崎市,5339,Kawasaki
14,131,川崎市川崎区,5339,"Kawasaki, Kawasaki"
14,132,川崎市幸区,5339,"Saiwai, Kawasaki"
14,133,川崎市中原区,5339,"Nakahara, Kawasaki"
14,134,川崎市高津区,5339,"Takatsu, Kawasaki"
14,135,川崎市多摩区,5339,"Tama, Kawasaki"
14,136,川崎市宮前区,5339,"Miyamae, Kawasaki"
14,137,川崎市麻生区,5339,"Asao, Kawasaki"
14,150,相模原市,5339,Sagamihara
14,151,相模原市緑区,5339,"Midori, Sagamihara"
14,152,相模原市中央区,5339,"Chuo, Sagamihara"
14,153,相模原市南区,5339,"Minami, Sagamihara"
14,201,横須賀市,5239,Yokosuka
14,203,平塚市,5239,Hiratsuka
14,203,平塚市,5339,Hiratsuka
14,204,鎌倉市,5239,Kamakura
14,204,鎌倉市,5339,Kamakura
14,205,藤沢市,5239,Fujisawa
14,205,藤沢市,5339,Fujisawa
14,206,小田原市,5239,Odawara
14,207,茅ヶ崎市,5239,Chigasaki
14,207,茅ヶ崎市,5339,Chigasaki
14,208,逗子市,5239,Zushi
14,210,三浦市,5239,Miura
14,211,秦野市,5339,Hadano
14,212,厚木市,5339,Atsugi
14,213,大和市,5339,Yamato
14,214,伊勢原市,5339,Isehara
14,215,海老名市,5339,Ebina
14,216,座間市,5339,Zama
14,217,南足柄市,5239,Minamiashigara
14,217,南足柄市,5339,Minamiashigara
14,218,綾瀬市,5339,Ayase
14,301,葉山町,5239,Hayama
14,321,寒川町,5339,Samukawa
14,341,大磯町,5239,Oiso
14,341,大磯町,5339,Oiso
14,342,二宮町,5239,Ninomiya
14,361,中井町,5239,Nakai
14,361,中井町,5339,Nakai
14,362,大井町,5239,Oi
14,362,大井町,5339,Oi
14,363,松田町,5339,Matsuda
14,364,山北町,5239,Yamakita
14,364,山北町,5338,Yamakita
14,364,山北町,5339,Yamakita
14,366,開成町,5239,Kaisei
14,366,開成町,5339,Kaisei
14,382,箱根町,5238,Hakone
14,382,箱根町,5239,Hakone
14,383,真鶴町,5239,Manazuru
14,384,湯河原町,5239,Yugawara
14,401,愛川町,5339,Aikawa
14,402,清川村,5339,Kiyokawa
15,100,新潟市,5638,Niigata
15,100,新潟市,5639,Niigata
15,100,新潟市,5739,Niigata
15,101,新潟市北区,5639,"Kita, Niigata"
15,101,新潟市北区,5739,"Kita, Niigata"
15,102,新潟市東区,5639,"Higashi, Niigata"
15,103,新潟市中央区,5639,"Chuo, Niigata"
15,104,新潟市江南区,5639,"Konan, Niigata"
15,105,新潟市秋葉区,5639,"Akiba, Niigata"
15,106,新潟市南区,5638,"Minami, Niigata"
15,106,新潟市南区,5639,"Minami, Niigata"
15,107,新潟市西区,5638,"Nishi, Niigata"
15,107,新潟市西区,5639,"Nishi, Niigata"
15,108,新潟市西蒲区,5638,"Nishikan, Niigata"
15,202,長岡市,5538,Nagaoka
15,202,長岡市,5638,Nagaoka
15,202,長岡市,5639,Nagaoka
15,204,三条市,5638,Sanjo
15,204,三条市,5639,Sanjo
15,205,柏崎市,5538,Kashiwazaki
15,205,柏崎市,5638,Kashiwazaki
15,206,新発田市,5639,Shibata
15,206,新発田市,5739,Shibata
15,208,小千谷市,5538,Ojiya
15,208,小千谷市,5638,Ojiya
15,209,加茂市,5638,Kamo
15,209,加茂市,5639,Kamo
15,210,十日町市,5538,Tokamachi
15,211,見附市,5638,Mitsuke
15,211,見附市,5639,Mitsuke
15,212,村上市,5739,Murakami
15,213,燕市,5638,Tsubame
15,216,糸魚川市,5537,Itoigawa
15,216,糸魚川市,5538,Itoigawa
15,217,妙高市,5538,Myoko
15,218,五泉市,5639,Gosen
15,222,上越市,5538,Joetsu
15,223,阿賀野市,5639,Agano
15,224,佐渡市,5638,Sado
15,224,佐渡市,5738,Sado
15,225,魚沼市,5538,Uonuma
15,225,魚沼市,5539,Uonuma
15,225,魚沼市,5638,Uonuma
15,225,魚沼市,5639,Uonuma
15,226,南魚沼市,5538,Minamiuonuma
15,226,南魚沼市,5539,Minamiuonuma
15,227,胎内市,5639,Tainai
15,227,胎内市,5739,Tainai
15,307,聖籠町,5639,Seiro
15,307,聖籠町,5739,Seiro
15,342,弥彦村,5638,Yahiko
15,361,田上町,5639,Tagami
15,385,阿賀町,5639,Agano
15,405,出雲崎町,5638,Izumozaki
15,461,湯沢町,5538,Yuzawa
15,482,津南町,5538,Tsunan
15,504,刈羽村,5638,Kariwa
15,581,関川村,5639,Sekikawa
15,581,関川村,5739,Sekikawa
15,586,粟島浦村,5739,Awashimaura
16,201,富山市,5437,Toyama
16,201,富山市,5537,Toyama
16,202,高岡市,5436,Takaoka
16,202,高岡市,5437,Takaoka
16,202,高岡市,5536,Takaoka
16,202,高岡市,5537,Takaoka
16,204,魚津市,5537,Uozu
16,205,氷見市,5536,Himi
16,205,氷見市,5537,Himi
16,206,滑川市,5537,Namerikawa
16,207,黒部市,5437,Kurobe
16,207,黒部市,5537,Kurobe
16,208,砺波市,5436,Tonami
16,208,砺波市,5437,Tonami
16,208,砺波市,5536,Tonami
16,208,砺波市,5537,Tonami
16,209,小矢部市,5436,Oyabe
16,209,小矢部市,5536,Oyabe
16,210,南砺市,5436,Nanto
16,210,南砺市,5437,Nanto
16,211,射水市,5437,Imizu
16,211,射水市,5537,Imizu
16,321,舟橋村,5537,Funahashi
16,322,上市町,5437,Kamiichi
16,322,上市町,5537,Kamiichi
16,323,立山町,5437,Tateyama
16,323,立山町,5537,Tateyama
16,342,入善町,5537,Nyuzen
16,343,朝日町,5537,Asahi
17,201,金沢市,5436,Kanazawa
17,201,金沢市,5536,Kanazawa
17,202,七尾市,5536,Nanao
17,202,七尾市,5537,Nanao
17,203,小松市,5436,Komatsu
17,204,輪島市,5536,Wajima
17,204,輪島市,5636,Wajima
17,204,輪島市,5637,Wajima
17,205,珠洲市,5637,Suzu
17,206,加賀市,5436,Kaga
17,207,羽咋市,5536,Hakui
17,209,かほく市,5536,Kahoku
17,210,白山市,5436,Hakusan
17,211,能美市,5436,Nomi
17,212,野々市市,5436,Nonoichi
17,324,川北町,5436,Kawakita
17,361,津幡町,5436,Tsubata
17,361,津幡町,5536,Tsubata
17,365,内灘町,5436,Uchinada
17,365,内灘町,5536,Uchinada
17,384,志賀町,5536,Shika
17,386,宝達志水町,5536,Hodatsushimizu
17,407,中能登町,5536,Nakanoto
17,461,穴水町,5536,Anamizu
17,461,穴水町,5537,Anamizu
17,463,能登町,5536,Noto
17,463,能登町,5537,Noto
17,463,能登町,5636,Noto
17,463,能登町,5637,Noto
18,201,福井市,5335,Fukui
18,201,福井市,5336,Fukui
18,201,福井市,5435,Fukui
18,201,福井市,5436,Fukui
18,202,敦賀市,5335,Tsuruga
18,202,敦賀市,5336,Tsuruga
18,204,小浜市,5335,Obama
18,205,大野市,5336,Ono
18,205,大野市,5436,Ono
18,206,勝山市,5436,Katsuyama
18,207,鯖江市,5336,Sabae
18,207,鯖江市,5436,Sabae
18,208,あわら市,5436,Awara
18,209,越前市,5336,Echizen
18,210,坂井市,5436,Sakai
18,322,永平寺町,5436,Eiheiji
18,382,池田町,5336,Ikeda (Fukui)
18,404,南越前町,5336,Minamiechizen
18,423,越前町,5335,Echizen
18,423,越前町,5336,Echizen
18,423,越前町,5436,Echizen
18,442,美浜町,5335,Mihama
18,442,美浜町,5336,Mihama
18,481,高浜町,5335,Takahama
18,483,おおい町,5335,Ohi
18,501,若狭町,5335,Wakasa
19,201,甲府市,5338,Kofu
19,202,富士吉田市,5338,Fujiyoshida
19,204,都留市,5338,Tsuru
19,204,都留市,5339,Tsuru
19,205,山梨市,5338,Yamanashi
19,206,大月市,5338,Otsuki
19,206,大月市,5339,Otsuki
19,207,韮崎市,5338,Nirasaki
19,208,南アルプス市,5338,Minamiarupusu
19,209,北杜市,5338,Hokuto
19,210,甲斐市,5338,Kai
19,211,笛吹市,5338,Fuefuki
19,212,上野原市,5338,Uenohara
19,212,上野原市,5339,Uenohara
19,213,甲州市,5338,Koshu
19,214,中央市,5338,Chuo
19,346,市川三郷町,5338,Ichikawamisato
19,364,早川町,5238,Hayakawa
19,364,早川町,5338,Hayakawa
19,365,身延町,5238,Minobu
19,365,身延町,5338,Minobu
19,366,南部町,5238,Nanbu
19,366,南部町,5338,Nanbu
19,368,富士川町,5338,Fujikawa
19,384,昭和町,5338,Showa
19,422,道志村,5338,Doshi
19,422,道志村,5339,Doshi
19,423,西桂町,5338,Nishikatsura
19,424,忍野村,5338,Oshino
19,425,山中湖村,5338,Yamanakako
19,429,鳴沢村,5338,Narusawa
19,430,富士河口湖町,5338,Fujikawaguchiko
19,442,小菅村,5338,Kosuge
19,442,小菅村,5339,Kosuge
19,443,丹波山村,5338,Tabayama
20,201,長野市,5437,Nagano
20,201,長野市,5438,Nagano
20,201,長野市,5537,Nagano
20,201,長野市,5538,Nagano
20,202,松本市,5437,Matsumoto
20,202,松本市,5438,Matsumoto
20,203,上田市,5438,Ueda
20,204,岡谷市,5437,Okaya
20,204,岡谷市,5438,Okaya
20,205,飯田市,5237,Iida
20,205,飯田市,5238,Iida
20,205,飯田市,5337,Iida
20,205,飯田市,5338,Iida
20,206,諏訪市,5338,Suwa
20,206,諏訪市,5438,Suwa
20,207,須坂市,5438,Suzaka
20,207,須坂市,5538,Suzaka
20,208,小諸市,5438,Komoro
20,209,伊那市,5337,Ina
20,209,伊那市,5338,Ina
20,210,駒ヶ根市,5337,Komagane
20,210,駒ヶ根市,5338,Komagane
20,211,中野市,5538,Nakano
20,212,大町市,5437,Omachi
20,213,飯山市,5538,Iiyama
20,214,茅野市,5338,Chino
20,214,茅野市,5438,Chino
20,215,塩尻市,5337,Shiojiri
20,215,塩尻市,5437,Shiojiri
20,215,塩尻市,5438,Shiojiri
20,217,佐久市,5438,Saku
20,218,千曲市,5438,Chikuma
20,219,東御市,5438,Tomi
20,220,安曇野市,5437,Azumino
20,303,小海町,5438,Koumi
20,304,川上村,5338,Kawakami
20,305,南牧村,5338,Nammoku
20,305,南牧村,5438,Nammoku
20,306,南相木村,5338,Minamiaiki
20,306,南相木村,5438,Minamiaiki
20,307,北相木村,5438,Kitaaiki
20,309,佐久穂町,5438,Sakuho
20,321,軽井沢町,5438,Karuizawa
20,323,御代田町,5438,Miyota
20,324,立科町,5438,Tateshina
20,349,青木村,5438,Aoki
20,350,長和町,5438,Nagawa
20,361,下諏訪町,5438,Shimosuwa
20,362,富士見町,5338,Fujimi
20,363,原村,5338,Hara
20,382,辰野町,5337,Tatsuno
20,382,辰野町,5338,Tatsuno
20,382,辰野町,5437,Tatsuno
20,382,辰野町,5438,Tatsuno
20,383,箕輪町,5337,Minowa
20,383,箕輪町,5338,Minowa
20,384,飯島町,5337,Iijima
20,385,南箕輪村,5337,Minamiminowa
20,386,中川村,5337,Nakagawa
20,386,中川村,5338,Nakagawa
20,388,宮田村,5337,Miyada
20,402,松川町,5337,Matsukawa
20,402,松川町,5338,Matsukawa
20,403,高森町,5337,Takamori
20,404,阿南町,5237,Anan
20,404,阿南町,5337,Anan
20,407,阿智村,5337,Achi
20,409,平谷村,5237,Hiraya
20,409,平谷村,5337,Hiraya
20,410,根羽村,5237,Nezasa
20,411,下條村,5337,Shimojo
20,412,売木村,5237,Urugi
20,413,天龍村,5237,Tenryu
20,414,泰阜村,5237,Yasuoka
20,414,泰阜村,5337,Yasuoka
20,415,喬木村,5337,Takagi
20,416,豊丘村,5337,Toyooka
20,416,豊丘村,5338,Toyooka
20,417,大鹿村,5337,Oshika
20,417,大鹿村,5338,Oshika
20,422,上松町,5337,Ageshima
20,423,南木曽町,5337,Nagiso
20,425,木祖村,5337,Kiso
20,425,木祖村,5437,Kiso
20,429,王滝村,5337,Otaki
20,430,大桑村,5337,Okuaizu
20,432,木曽町,5337,Kiso
20,432,木曽町,5437,Kiso
20,446,麻績村,5437,Omi
20,446,麻績村,5438,Omi
20,448,生坂村,5437,Ikusaka
20,450,山形村,5437,Yamagata
20,451,朝日村,5437,Asahi
20,452,筑北村,5437,Chikuhoku
20,452,筑北村,5438,Chikuhoku
20,481,池田町,5437,Ikeda (Nagano)
20,482,松川村,5437,Matsukawa
20,485,白馬村,5437,Hakuba
20,485,白馬村,5537,Hakuba
20,486,小谷村,5537,Otari
20,486,小谷村,5538,Otari
20,521,坂城町,5438,Sakaki
20,541,小布施町,5538,Obuse
20,543,高山村,5438,Takayama
20,543,高山村,5538,Takayama
20,561,山ノ内町,5438,Yamanouchi
20,561,山ノ内町,5538,Yamanouchi
20,562,木島平村,5538,Kijimadaira
20,563,野沢温泉村,5538,Nozawaonsen
20,583,信濃町,5538,Shinano
20,588,小川村,5437,Ogawa
20,588,小川村,5438,Ogawa
20,588,小川村,5537,Ogawa
20,590,飯綱町,5538,Iizuna
20,602,栄村,5538,Sakae
21,201,岐阜市,5336,Gifu
21,202,大垣市,5236,Ogaki
21,202,大垣市,5336,Ogaki
21,203,高山市,5336,Takayama
21,203,高山市,5337,Takayama
21,203,高山市,5436,Takayama
21,203,高山市,5437,Takayama
21,204,多治見市,5237,Tajimi
21,204,多治見市,5337,Tajimi
21,205,関市,5336,Seki
21,205,関市,5337,Seki
21,206,中津川市,5337,Nakatsugawa
21,207,美濃市,5336,Mino
21,208,瑞浪市,5237,Mizunami
21,208,瑞浪市,5337,Mizunami
21,209,羽島市,5236,Hashima
21,209,羽島市,5336,Hashima
21,210,恵那市,5237,Ena
21,210,恵那市,5337,Ena
21,211,美濃加茂市,5336,Minokamo
21,211,美濃加茂市,5337,Minokamo
21,212,土岐市,5237,Toki
21,212,土岐市,5337,Toki
21,213,各務原市,5336,Kakamigahara
21,214,可児市,5336,Kani
21,214,可児市,5337,Kani
21,215,山県市,5336,Yamagata
21,216,瑞穂市,5336,Mizuho
21,217,飛騨市,5436,Hida
21,217,飛騨市,5437,Hida
21,218,本巣市,5336,Motosu
21,219,郡上市,5336,Gujo
21,219,郡上市,5337,Gujo
21,219,郡上市,5436,Gujo
21,220,下呂市,5337,Gero
21,220,下呂市,5437,Gero
21,221,海津市,5236,Kaizu
21,302,岐南町,5336,Ginan
21,303,笠松町,5336,Kasamatsu
21,341,養老町,5236,Yoro
21,341,養老町,5336,Yoro
21,361,垂井町,5236,Tarui
21,361,垂井町,5336,Tarui
21,362,関ケ原町,5236,Sekigahara
21,362,関ケ原町,5336,Sekigahara
21,381,神戸町,5336,Godō
21,382,輪之内町,5236,Wanouchi
21,383,安八町,5236,Anpachi
21,383,安八町,5336,Anpachi
21,401,揖斐川町,5336,Ibigawa
21,403,大野町,5336,Ōno
21,404,池田町,5336,Ikeda (Gifu)
21,421,北方町,5336,Kitagata
21,501,坂祝町,5336,Sakahogi
21,501,坂祝町,5337,Sakahogi
21,502,富加町,5336,Tomika
21,502,富加町,5337,Tomika
21,503,川辺町,5337,Kawabe
21,504,七宗町,5337,Hichiso
21,505,八百津町,5337,Yaotsu
21,506,白川町,5337,Shirakawa
21,507,東白川村,5337,Higashishirakawa
21,521,御嵩町,5337,Mitake
21,604,白川村,5436,Shirakawa
22,100,静岡市,5238,Shizuoka
22,100,静岡市,5338,Shizuoka
22,101,静岡市葵区,5338,"Aoi, Shizuoka"
22,102,静岡市駿河区,5238,"Suruga, Shizuoka"
22,103,静岡市清水区,5238,"Shimizu, Shizuoka"
22,130,浜松市,5137,Hamamatsu
22,130,浜松市,5237,Hamamatsu
22,130,浜松市,5238,Hamamatsu
22,131,浜松市中区,5237,"Naka, Hamamatsu"
22,132,浜松市東区,5237,"Higashi, Hamamatsu"
22,133,浜松市西区,5237,"Nishi, Hamamatsu"
22,134,浜松市南区,5137,"Minami, Hamamatsu"
22,134,浜松市南区,5237,"Minami, Hamamatsu"
22,135,浜松市北区,5237,"Kita, Hamamatsu"
22,136,浜松市浜北区,5237,"Hamakita, Hamamatsu"
22,137,浜松市天竜区,5237,"Tenryu, Hamamatsu"
22,137,浜松市天竜区,5238,"Tenryu, Hamamatsu"
22,203,沼津市,5238,Numazu
22,205,熱海市,5239,Atami
22,206,三島市,5238,Mishima
22,206,三島市,5239,Mishima
22,207,富士宮市,5238,Fujinomiya
22,207,富士宮市,5338,Fujinomiya
22,208,伊東市,5239,Ito
22,209,島田市,5238,Shimada
22,210,富士市,5238,Fuji
22,210,富士市,5338,Fuji
22,211,磐田市,5137,Iwata
22,211,磐田市,5237,Iwata
22,212,焼津市,5238,Yaizu
22,213,掛川市,5137,Kakegawa
22,213,掛川市,5138,Kakegawa
22,213,掛川市,5237,Kakegawa
22,213,掛川市,5238,Kakegawa
22,214,藤枝市,5238,Fujieda
22,215,御殿場市,5238,Gotemba
22,215,御殿場市,5338,Gotemba
22,216,袋井市,5137,Fukuroi
22,216,袋井市,5237,Fukuroi
22,216,袋井市,5238,Fukuroi
22,219,下田市,5138,Shimoda
22,219,下田市,5238,Shimoda
22,220,裾野市,5238,Susono
22,220,裾野市,5239,Susono
22,221,湖西市,5237,Kosai
22,222,伊豆市,5238,Izu
22,222,伊豆市,5239,Izu
22,223,御前崎市,5138,Omaezaki
22,223,御前崎市,5238,Omaezaki
22,224,菊川市,5138,Kikugawa
22,224,菊川市,5238,Kikugawa
22,225,伊豆の国市,5238,Izunokuni
22,225,伊豆の国市,5239,Izunokuni
22,226,牧之原市,5138,Makinohara
22,226,牧之原市,5238,Makinohara
22,301,東伊豆町,5238,Higashiizu
22,301,東伊豆町,5239,Higashiizu
22,302,河津町,5238,Kawazu
22,302,河津町,5239,Kawazu
22,304,南伊豆町,5138,Minamiizu
22,304,南伊豆町,5238,Minamiizu
22,305,松崎町,5238,Matsuzaki
22,306,西伊豆町,5238,Nishiizu
22,325,函南町,5238,Kannami
22,325,函南町,5239,Kannami
22,341,清水町,5238,Shimizu
22,342,長泉町,5238,Nagaizumi
22,344,小山町,5238,Oyama
22,344,小山町,5239,Oyama
22,344,小山町,5338,Oyama
22,344,小山町,5339,Oyama
22,424,吉田町,5238,Yoshida
22,429,川根本町,5237,Kawanehon
22,429,川根本町,5238,Kawanehon
22,429,川根本町,5338,Kawanehon
22,461,森町,5237,Morimachi
22,461,森町,5238,Morimachi
23,100,名古屋市,5236,Nagoya
23,100,名古屋市,5237,Nagoya
23,101,名古屋市千種区,5236,"Chikusa, Nagoya"
23,102,名古屋市東区,5236,"Higashi, Nagoya"
23,103,名古屋市北区,5236,"Kita, Nagoya"
23,104,名古屋市西区,5236,"Nishi, Nagoya"
23,105,名古屋市中村区,5236,"Nakamura, Nagoya"
23,106,名古屋市中区,5236,"Naka, Nagoya"
23,107,名古屋市昭和区,5236,"Showa, Nagoya"
23,108,名古屋市瑞穂区,5236,"Mizuho, Nagoya"
23,109,名古屋市熱田区,5236,"Atsuta, Nagoya"
23,110,名古屋市中川区,5236,"Nakagawa, Nagoya"
23,111,名古屋市港区,5236,"Minato, Nagoya"
23,112,名古屋市南区,5236,"Minami, Nagoya"
23,113,名古屋市守山区,5236,"Moriyama, Nagoya"
23,113,名古屋市守山区,5237,"Moriyama, Nagoya"
23,114,名古屋市緑区,5236,"Midori, Nagoya"
23,114,名古屋市緑区,5237,"Midori, Nagoya"
23,115,名古屋市名東区,5236,"Meito, Nagoya"
23,115,名古屋市名東区,5237,"Meito, Nagoya"
23,116,名古屋市天白区,5236,"Tenpaku, Nagoya"
23,116,名古屋市天白区,5237,"Tenpaku, Nagoya"
23,201,豊橋市,5137,Toyohashi
23,201,豊橋市,5237,Toyohashi
23,202,岡崎市,5237,Okazaki
23,203,一宮市,5236,Ichinomiya
23,203,一宮市,5336,Ichinomiya
23,204,瀬戸市,5237,Seto
23,205,半田市,5236,Handa
23,206,春日井市,5236,Kasugai
23,206,春日井市,5237,Kasugai
23,206,春日井市,5337,Kasugai
23,207,豊川市,5237,Toyokawa
23,208,津島市,5236,Tsushima
23,209,碧南市,5236,Hekinan
23,209,碧南市,5237,Hekinan
23,210,刈谷市,5236,Kariya
23,210,刈谷市,5237,Kariya
23,211,豊田市,5237,Toyota
23,212,安城市,5237,Anjo
23,213,西尾市,5236,Nishio
23,213,西尾市,5237,Nishio
23,214,蒲郡市,5237,Gamagori
23,215,犬山市,5236,Inuyama
23,215,犬山市,5237,Inuyama
23,215,犬山市,5336,Inuyama
23,215,犬山市,5337,Inuyama
23,216,常滑市,5236,Tokoname
23,217,江南市,5236,Konan
23,217,江南市,5336,Konan
23,219,小牧市,5236,Komaki
23,219,小牧市,5237,Komaki
23,219,小牧市,5337,Komaki
23,220,稲沢市,5236,Inazawa
23,221,新城市,5237,Shinshiro
23,222,東海市,5236,Tokai
23,223,大府市,5236,Obu
23,223,大府市,5237,Obu
23,224,知多市,5236,Chita
23,225,知立市,5237,Chiryu
23,226,尾張旭市,5237,Owariasahi
23,227,高浜市,5236,Takahama
23,227,高浜市,5237,Takahama
23,228,岩倉市,5236,Iwakura
23,229,豊明市,5236,Toyooka
23,229,豊明市,5237,Toyooka
23,230,日進市,5237,Nisshin
23,231,田原市,5137,Tahara
23,231,田原市,5237,Tahara
23,232,愛西市,5236,Aisai
23,233,清須市,5236,Kiyosu
23,234,北名古屋市,5236,Kitanagoya
23,235,弥富市,5236,Yatomi
23,236,みよし市,5237,Miyoshi
23,237,あま市,5236,Ama
23,238,長久手市,5237,Nagakute
23,302,東郷町,5237,Togo
23,342,豊山町,5236,Toyoyama
23,361,大口町,5236,Oguchi
23,361,大口町,5336,Oguchi
23,362,扶桑町,5336,Fuso
23,424,大治町,5236,Oharu
23,425,蟹江町,5236,Kanie
23,427,飛島村,5236,Tobishima
23,441,阿久比町,5236,Agui
23,442,東浦町,5236,Higashiura
23,445,南知多町,5136,Minamichita
23,445,南知多町,5137,Minamichita
23,445,南知多町,5236,Minamichita
23,445,南知多町,5237,Minamichita
23,446,美浜町,5236,Mihama
23,447,武豊町,5236,Taketoyo
23,501,幸田町,5237,Kota
23,561,設楽町,5237,Shitara
23,562,東栄町,5237,Toei
23,563,豊根村,5237,Toyone
23,999,境界未定地域,5236,#N/A
24,201,津市,5136,Tsu
24,201,津市,5236,Tsu
24,202,四日市市,5236,Yokkaichi
24,203,伊勢市,5136,Ise
24,204,松阪市,5136,Matsusaka
24,205,桑名市,5236,Kuwana
24,207,鈴鹿市,5236,Suzuka
24,208,名張市,5136,Nabari
24,208,名張市,5236,Nabari
24,209,尾鷲市,5036,Owase
24,209,尾鷲市,5136,Owase
24,210,亀山市,5236,Kameyama
24,211,鳥羽市,5136,Toba
24,212,熊野市,5035,Kumano
24,212,熊野市,5036,Kumano
24,212,熊野市,5135,Kumano
24,212,熊野市,5136,Kumano
24,214,いなべ市,5236,Inabe
24,215,志摩市,5136,Shima
24,216,伊賀市,5136,Iga
24,216,伊賀市,5236,Iga
24,303,木曽岬町,5236,Kisosaki
24,324,東員町,5236,Toin
24,341,菰野町,5236,Komono
24,343,朝日町,5236,Asahi
24,344,川越町,5236,Kawagoe
24,441,多気町,5136,Taki
24,442,明和町,5136,Meiwa
24,443,大台町,5136,Odai
24,461,玉城町,5136,Tamaki
24,470,度会町,5136,Watarai
24,471,大紀町,5136,Taiki
24,472,南伊勢町,5136,Minamiise
24,543,紀北町,5136,Kihoku
24,561,御浜町,5035,Mihama
24,561,御浜町,5036,Mihama
24,562,紀宝町,5035,Kihoku
24,562,紀宝町,5036,Kihoku
25,201,大津市,5235,Otsu
25,201,大津市,5236,Otsu
25,202,彦根市,5236,Hikone
25,202,彦根市,5336,Hikone
25,203,長浜市,5336,Nagahama
25,204,近江八幡市,5235,Omihachiman
25,204,近江八幡市,5236,Omihachiman
25,206,草津市,5235,Kusatsu
25,207,守山市,5235,Moriyama
25,207,守山市,5236,Moriyama
25,208,栗東市,5235,Ritto
25,208,栗東市,5236,Ritto
25,209,甲賀市,5235,Koka
25,209,甲賀市,5236,Koka
25,210,野洲市,5235,Yasu
25,210,野洲市,5236,Yasu
25,211,湖南市,5236,Konan
25,212,高島市,5235,Takashima
25,212,高島市,5236,Takashima
25,212,高島市,5335,Takashima
25,212,高島市,5336,Takashima
25,213,東近江市,5236,Higashiomi
25,214,米原市,5236,Maibara
25,214,米原市,5336,Maibara
25,383,日野町,5236,Hino
25,384,竜王町,5236,Ryuo
25,425,愛荘町,5236,Aisho
25,441,豊郷町,5236,Toyosato
25,442,甲良町,5236,Kora
25,443,多賀町,5236,Taga
26,100,京都市,5235,Kyoto
26,101,京都市北区,5235,"Kita, Kyoto"
26,102,京都市上京区,5235,"Kamigyo, Kyoto"
26,103,京都市左京区,5235,"Sakyo, Kyoto"
26,104,京都市中京区,5235,"Nakagyo, Kyoto"
26,105,京都市東山区,5235,"Higashiyama, Kyoto"
26,106,京都市下京区,5235,"Shimogyo, Kyoto"
26,107,京都市南区,5235,"Minami, Kyoto"
26,108,京都市右京区,5235,"Ukyo, Kyoto"
26,109,京都市伏見区,5235,"Fushimi, Kyoto"
26,110,京都市山科区,5235,"Yamashina, Kyoto"
26,111,京都市西京区,5235,"Nishikyo, Kyoto"
26,201,福知山市,5234,Fukuchiyama
26,201,福知山市,5235,Fukuchiyama
26,201,福知山市,5334,Fukuchiyama
26,201,福知山市,5335,Fukuchiyama
26,202,舞鶴市,5335,Maizuru
26,203,綾部市,5235,Ayabe
26,203,綾部市,5335,Ayabe
26,204,宇治市,5235,Uji
26,205,宮津市,5335,Miyazu
26,206,亀岡市,5235,Kameoka
26,207,城陽市,5235,Joyo
26,208,向日市,5235,Mukou
26,209,長岡京市,5235,Nagaokakyo
26,210,八幡市,5235,Yawata
26,211,京田辺市,5235,Kyotanabe
26,212,京丹後市,5334,Kyotango
26,212,京丹後市,5335,Kyotango
26,213,南丹市,5235,Nantan
26,213,南丹市,5335,Nantan
26,214,木津川市,5235,Kizugawa
26,303,大山崎町,5235,Oyamazaki
26,322,久御山町,5235,Kumiyama
26,343,井手町,5235,Ide
26,344,宇治田原町,5235,Ujitawara
26,364,笠置町,5235,Kasagi
26,365,和束町,5235,Wazuka
26,365,和束町,5236,Wazuka
26,366,精華町,5235,Seika
26,367,南山城村,5235,Minamiyamashiro
26,367,南山城村,5236,Minamiyamashiro
26,407,京丹波町,5235,Kyotamba
26,407,京丹波町,5335,Kyotamba
26,463,伊根町,5335,Ine
26,465,与謝野町,5335,Yosano
27,100,大阪市,5135,Osaka
27,100,大阪市,5235,Osaka
27,102,大阪市都島区,5235,"Miyakojima, Osaka"
27,103,大阪市福島区,5235,"Fukushima, Osaka"
27,104,大阪市此花区,5135,"Konohana, Osaka"
27,104,大阪市此花区,5235,"Konohana, Osaka"
27,106,大阪市西区,5235,"Nishi, Osaka"
27,107,大阪市港区,5135,"Minato, Osaka"
27,107,大阪市港区,5235,"Minato, Osaka"
27,108,大阪市大正区,5135,"Taisho, Osaka"
27,108,大阪市大正区,5235,"Taisho, Osaka"
27,109,大阪市天王寺区,5135,"Tennoji, Osaka"
27,109,大阪市天王寺区,5235,"Tennoji, Osaka"
27,111,大阪市浪速区,5135,"Naniwa, Osaka"
27,111,大阪市浪速区,5235,"Naniwa, Osaka"
27,113,大阪市西淀川区,5235,"Nishiyodogawa, Osaka"
27,114,大阪市東淀川区,5235,"Higashiyodogawa, Osaka"
27,115,大阪市東成区,5135,"Higashinari, Osaka"
27,115,大阪市東成区,5235,"Higashinari, Osaka"
27,116,大阪市生野区,5135,"Ikuno, Osaka"
27,117,大阪市旭区,5235,"Asahi, Osaka"
27,118,大阪市城東区,5235,"Joto, Osaka"
27,119,大阪市阿倍野区,5135,"Abeno, Osaka"
27,120,大阪市住吉区,5135,"Sumiyoshi, Osaka"
27,121,大阪市東住吉区,5135,"Higashisumiyoshi, Osaka"
27,122,大阪市西成区,5135,"Nishinari, Osaka"
27,123,大阪市淀川区,5235,"Yodogawa, Osaka"
27,124,大阪市鶴見区,5235,"Tsurumi, Osaka"
27,125,大阪市住之江区,5135,"Suminoe, Osaka"
27,126,大阪市平野区,5135,"Hirano, Osaka"
27,127,大阪市北区,5235,"Kita, Osaka"
27,128,大阪市中央区,5135,"Chuo, Osaka"
27,128,大阪市中央区,5235,"Chuo, Osaka"
27,140,堺市,5135,Sakai
27,141,堺市堺区,5135,"Sakai, Sakai"
27,142,堺市中区,5135,"Naka, Sakai"
27,143,堺市東区,5135,"Higashi, Sakai"
27,144,堺市西区,5135,"Nishi, Sakai"
27,145,堺市南区,5135,"Minami, Sakai"
27,146,堺市北区,5135,"Kita, Sakai"
27,147,堺市美原区,5135,"Mihara, Sakai"
27,202,岸和田市,5135,Kishiwada
27,203,豊中市,5235,Toyonaka
27,204,池田市,5235,Ikeda (Osaka)
27,205,吹田市,5235,Suita
27,206,泉大津市,5135,Izumiotsu
27,207,高槻市,5235,Takatsuki
27,208,貝塚市,5135,Kaizuka
27,209,守口市,5235,Moriguchi
27,210,枚方市,5235,Hirakata
27,211,茨木市,5235,Ibaraki
27,212,八尾市,5135,Yao
27,213,泉佐野市,5135,Izumisano
27,214,富田林市,5135,Tondabayashi
27,215,寝屋川市,5235,Neyagawa
27,216,河内長野市,5135,Kawachinagano
27,217,松原市,5135,Matsubara
27,218,大東市,5235,Daito
27,219,和泉市,5135,Izumi
27,220,箕面市,5235,Minoh
27,221,柏原市,5135,Kashiwara
27,222,羽曳野市,5135,Habikino
27,223,門真市,5235,Kadoma
27,224,摂津市,5235,Settsu
27,225,高石市,5135,Takaishi
27,226,藤井寺市,5135,Fujiidera
27,227,東大阪市,5135,Higashiosaka
27,227,東大阪市,5235,Higashiosaka
27,228,泉南市,5135,Sennan
27,229,四條畷市,5235,Shijonawate
27,230,交野市,5235,Katano
27,231,大阪狭山市,5135,Osakasayama
27,232,阪南市,5135,Hannan
27,301,島本町,5235,Shimamoto
27,321,豊能町,5235,Toyono
27,322,能勢町,5235,Nose
27,341,忠岡町,5135,Tadaoka
27,361,熊取町,5135,Kumatori
27,362,田尻町,5135,Tajiri
27,366,岬町,5135,Misaki
27,381,太子町,5135,Taishi
27,382,河南町,5135,Kanan
27,383,千早赤阪村,5135,Chihayaakasaka
28,100,神戸市,5134,Kobe
28,100,神戸市,5135,Kobe
28,100,神戸市,5234,Kobe
28,100,神戸市,5235,Kobe
28,101,神戸市東灘区,5135,"Higashinada, Kobe"
28,101,神戸市東灘区,5235,"Higashinada, Kobe"
28,102,神戸市灘区,5235,"Nada, Kobe"
28,105,神戸市兵庫区,5135,"Hyogo, Kobe"
28,105,神戸市兵庫区,5235,"Hyogo, Kobe"
28,106,神戸市長田区,5135,"Nagata, Kobe"
28,106,神戸市長田区,5235,"Nagata, Kobe"
28,107,神戸市須磨区,5135,"Suma, Kobe"
28,107,神戸市須磨区,5235,"Suma, Kobe"
28,108,神戸市垂水区,5135,"Tarumi, Kobe"
28,108,神戸市垂水区,5235,"Tarumi, Kobe"
28,109,神戸市北区,5235,"Kita, Kobe"
28,110,神戸市中央区,5135,"Chuo, Kobe"
28,110,神戸市中央区,5235,"Chuo, Kobe"
28,111,神戸市西区,5134,"Nishi, Kobe"
28,111,神戸市西区,5135,"Nishi, Kobe"
28,111,神戸市西区,5234,"Nishi, Kobe"
28,111,神戸市西区,5235,"Nishi, Kobe"
28,201,姫路市,5134,Himeji
28,201,姫路市,5234,Himeji
28,202,尼崎市,5235,Amagasaki
28,203,明石市,5134,Akashi
28,203,明石市,5135,Akashi
28,203,明石市,5234,Akashi
28,204,西宮市,5235,Nishinomiya
28,205,洲本市,5134,Sumoto
28,206,芦屋市,5235,Ashiya
28,207,伊丹市,5235,Itami
28,208,相生市,5234,Aioi
28,209,豊岡市,5334,Toyooka
28,209,豊岡市,5335,Toyooka
28,210,加古川市,5234,Kakogawa
28,212,赤穂市,5234,Ako
28,213,西脇市,5234,Nishiwaki
28,213,西脇市,5235,Nishiwaki
28,214,宝塚市,5235,Takarazuka
28,215,三木市,5234,Miki
28,215,三木市,5235,Miki
28,216,高砂市,5234,Takasago
28,217,川西市,5235,Kawanishi
28,218,小野市,5234,Ono
28,218,小野市,5235,Ono
28,219,三田市,5235,Sanda
28,220,加西市,5234,Kasai
28,221,丹波篠山市,5235,Tamba-Sasayama
28,222,養父市,5234,Yabu
28,222,養父市,5334,Yabu
28,223,丹波市,5234,Tamba
28,223,丹波市,5235,Tamba
28,224,南あわじ市,5134,Minamiawaji
28,225,朝来市,5234,Asago
28,225,朝来市,5334,Asago
28,226,淡路市,5134,Awaji
28,226,淡路市,5135,Awaji
28,227,宍粟市,5234,Shiso
28,227,宍粟市,5334,Shiso
28,228,加東市,5234,Kato
28,228,加東市,5235,Kato
28,229,たつの市,5234,Tatsuno
28,301,猪名川町,5235,Inagawa
28,365,多可町,5234,Taka
28,381,稲美町,5234,Inami
28,382,播磨町,5234,Harima
28,442,市川町,5234,Ichikawa
28,443,福崎町,5234,Fukusaki
28,446,神河町,5234,Kamigori
28,464,太子町,5234,Taishi
28,481,上郡町,5234,Kamikawa
28,501,佐用町,5234,Sayō
28,585,香美町,5334,Kamicho
28,586,新温泉町,5334,Shinonsen
29,201,奈良市,5135,Nara
29,201,奈良市,5136,Nara
29,201,奈良市,5235,Nara
29,201,奈良市,5236,Nara
29,202,大和高田市,5135,Yamatotakada
29,203,大和郡山市,5135,Yamatokoriyama
29,203,大和郡山市,5235,Yamatokoriyama
29,204,天理市,5135,Tenri
29,205,橿原市,5135,Kashihara
29,206,桜井市,5135,Sakurai
29,207,五條市,5135,Gojo
29,208,御所市,5135,Gose
29,209,生駒市,5135,Ikoma
29,209,生駒市,5235,Ikoma
29,210,香芝市,5135,Kashiba
29,211,葛城市,5135,Katsuragi
29,212,宇陀市,5135,Uda
29,212,宇陀市,5136,Uda
29,322,山添村,5135,Yamazoe
29,322,山添村,5136,Yamazoe
29,322,山添村,5235,Yamazoe
29,322,山添村,5236,Yamazoe
29,342,平群町,5135,Heguri
29,343,三郷町,5135,Sango
29,344,斑鳩町,5135,Ikaruga
29,345,安堵町,5135,Ando
29,361,川西町,5135,Kawanishi
29,362,三宅町,5135,Miyake
29,363,田原本町,5135,Tawaramoto
29,385,曽爾村,5136,Soni
29,386,御杖村,5136,Mitsue
29,401,高取町,5135,Takatori
29,402,明日香村,5135,Asuka
29,424,上牧町,5135,Kanmaki
29,425,王寺町,5135,Oji
29,426,広陵町,5135,Koryo
29,427,河合町,5135,Kawai
29,441,吉野町,5135,Yoshino
29,442,大淀町,5135,Oyodo
29,443,下市町,5135,Shimoichi
29,444,黒滝村,5135,Kurotaki
29,446,天川村,5135,Tenkawa
29,447,野迫川村,5135,Nosegawa
29,449,十津川村,5035,Totsukawa
29,449,十津川村,5135,Totsukawa
29,450,下北山村,5035,Shimokitayama
29,450,下北山村,5135,Shimokitayama
29,450,下北山村,5136,Shimokitayama
29,451,上北山村,5135,Kamikitayama
29,451,上北山村,5136,Kamikitayama
29,452,川上村,5135,Kawakami
29,452,川上村,5136,Kawakami
29,453,東吉野村,5135,Higashiyoshino
29,453,東吉野村,5136,Higashiyoshino
30,201,和歌山市,5134,Wakayama
30,201,和歌山市,5135,Wakayama
30,202,海南市,5135,Kainan
30,203,橋本市,5135,Hashimoto
30,204,有田市,5135,Arida
30,205,御坊市,5035,Gobō
30,206,田辺市,5035,Tanabe
30,206,田辺市,5135,Tanabe
30,207,新宮市,5035,Shingu
30,207,新宮市,5036,Shingu
30,208,紀の川市,5135,Kinokawa
30,209,岩出市,5135,Iwade
30,304,紀美野町,5135,Kimino
30,341,かつらぎ町,5135,Katsuragi
30,343,九度山町,5135,Kudoyama
30,344,高野町,5135,Koya
30,361,湯浅町,5135,Yuasa
30,362,広川町,5035,Hirogawa
30,362,広川町,5135,Hirogawa
30,366,有田川町,5135,Aridagawa
30,381,美浜町,5035,Mihama
30,382,日高町,5035,Hidaka
30,383,由良町,5035,Yura
30,383,由良町,5135,Yura
30,390,印南町,5035,Inami
30,391,みなべ町,5035,Minabe
30,392,日高川町,5035,Hidakagawa
30,392,日高川町,5135,Hidakagawa
30,401,白浜町,5035,Shirahama
30,404,上富田町,5035,Kamitonda
30,406,すさみ町,5035,Susami
30,421,那智勝浦町,5035,Nachikatsuura
30,422,太地町,5035,Taiji
30,424,古座川町,5035,Koza
30,427,北山村,5035,Kitayama
30,427,北山村,5036,Kitayama
30,427,北山村,5135,Kitayama
30,427,北山村,5136,Kitayama
30,428,串本町,5035,Kushimoto
30,999,境界未定地域,5035,
31,201,鳥取市,5233,Tottori
31,201,鳥取市,5234,Tottori
31,201,鳥取市,5333,Tottori
31,201,鳥取市,5334,Tottori
31,202,米子市,5333,Yonago
31,203,倉吉市,5233,Kurayoshi
31,203,倉吉市,5333,Kurayoshi
31,204,境港市,5333,Sakaiminato
31,302,岩美町,5334,Iwami
31,325,若桜町,5234,Wakasa
31,325,若桜町,5334,Wakasa
31,328,智頭町,5234,Chizu
31,329,八頭町,5234,Yazu
31,329,八頭町,5334,Yazu
31,364,三朝町,5233,Misasa
31,364,三朝町,5333,Misasa
31,364,三朝町,5334,Misasa
31,370,湯梨浜町,5333,Yurihama
31,371,琴浦町,5333,Kotoura
31,372,北栄町,5333,Hokuei
31,384,日吉津村,5333,Hiezu
31,386,大山町,5333,Daisen
31,389,南部町,5233,Nanbu
31,389,南部町,5333,Nanbu
31,390,伯耆町,5233,Hoki
31,390,伯耆町,5333,Hoki
31,401,日南町,5233,Nichinan
31,402,日野町,5233,Hino
31,403,江府町,5233,Kofu
31,403,江府町,5333,Kofu
32,201,松江市,5233,Matsue
32,201,松江市,5332,Matsue
32,201,松江市,5333,Matsue
32,202,浜田市,5231,Hamada
32,202,浜田市,5232,Hamada
32,203,出雲市,5232,Izumo
32,203,出雲市,5332,Izumo
32,204,益田市,5131,Masuda
32,204,益田市,5132,Masuda
32,204,益田市,5231,Masuda
32,204,益田市,5232,Masuda
32,205,大田市,5232,Oda
32,206,安来市,5233,Yasugi
32,206,安来市,5333,Yasugi
32,207,江津市,5232,Gotsu
32,209,雲南市,5232,Unnan
32,209,雲南市,5233,Unnan
32,209,雲南市,5332,Unnan
32,209,雲南市,5333,Unnan
32,343,奥出雲町,5232,Okuizumo
32,343,奥出雲町,5233,Okuizumo
32,386,飯南町,5232,Iinan
32,441,川本町,5232,Kawamoto
32,448,美郷町,5232,Misato
32,449,邑南町,5232,Onan
32,501,津和野町,5131,Tsuwano
32,505,吉賀町,5131,Yoshika
32,505,吉賀町,5132,Yoshika
32,525,海士町,5433,Ama
32,526,西ノ島町,5432,Nishinoshima
32,526,西ノ島町,5433,Nishinoshima
32,527,知夫村,5333,Chibu
32,527,知夫村,5432,Chibu
32,527,知夫村,5433,Chibu
32,528,隠岐の島町,5433,Okinoshima
32,528,隠岐の島町,5531,Okinoshima
33,100,岡山市,5133,Okayama
33,100,岡山市,5233,Okayama
33,100,岡山市,5234,Okayama
33,101,岡山市北区,5133,"Kita, Okayama"
33,101,岡山市北区,5233,"Kita, Okayama"
33,102,岡山市中区,5133,"Naka, Okayama"
33,102,岡山市中区,5233,"Naka, Okayama"
33,102,岡山市中区,5234,"Naka, Okayama"
33,103,岡山市東区,5133,"Higashi, Okayama"
33,103,岡山市東区,5134,"Higashi, Okayama"
33,103,岡山市東区,5233,"Higashi, Okayama"
33,103,岡山市東区,5234,"Higashi, Okayama"
33,104,岡山市南区,5133,"Minami, Okayama"
33,104,岡山市南区,5134,"Minami, Okayama"
33,202,倉敷市,5133,Kurashiki
33,202,倉敷市,5233,Kurashiki
33,203,津山市,5233,Tsuyama
33,203,津山市,5234,Tsuyama
33,204,玉野市,5133,Tamano
33,204,玉野市,5134,Tamano
33,205,笠岡市,5133,Kasaoka
33,207,井原市,5133,Ibara
33,207,井原市,5233,Ibara
33,208,総社市,5133,Soja
33,208,総社市,5233,Soja
33,209,高梁市,5233,Takahashi
33,210,新見市,5233,Niimi
33,211,備前市,5234,Bizen
33,212,瀬戸内市,5134,Setouchi
33,212,瀬戸内市,5234,Setouchi
33,213,赤磐市,5233,Akaiwa
33,213,赤磐市,5234,Akaiwa
33,214,真庭市,5233,Maniwa
33,214,真庭市,5333,Maniwa
33,215,美作市,5234,Mimasaka
33,216,浅口市,5133,Asakuchi
33,346,和気町,5234,Wake
33,423,早島町,5133,Hayashima
33,445,里庄町,5133,Satosho
33,461,矢掛町,5133,Yakage
33,461,矢掛町,5233,Yakage
33,586,新庄村,5233,Shinjo
33,606,鏡野町,5233,Kagamino
33,606,鏡野町,5234,Kagamino
33,606,鏡野町,5333,Kagamino
33,606,鏡野町,5334,Kagamino
33,622,勝央町,5234,Shoo
33,623,奈義町,5234,Nagi
33,643,西粟倉村,5234,Nishiawakura
33,663,久米南町,5233,Kumenan
33,663,久米南町,5234,Kumenan
33,666,美咲町,5233,Misaki
33,666,美咲町,5234,Misaki
33,681,吉備中央町,5233,Kibichuo
34,100,広島市,5132,Hiroshima
34,101,広島市中区,5132,"Naka, Hiroshima"
34,102,広島市東区,5132,"Higashi, Hiroshima"
34,103,広島市南区,5132,"Minami, Hiroshima"
34,104,広島市西区,5132,"Nishi, Hiroshima"
34,105,広島市安佐南区,5132,"Asaminami, Hiroshima"
34,106,広島市安佐北区,5132,"Asakita, Hiroshima"
34,107,広島市安芸区,5132,"Aki, Hiroshima"
34,108,広島市佐伯区,5132,"Saeki, Hiroshima"
34,202,呉市,5132,Kure
34,203,竹原市,5132,Takehara
34,203,竹原市,5133,Takehara
34,204,三原市,5132,Mihara
34,204,三原市,5133,Mihara
34,205,尾道市,5133,Onomichi
34,207,福山市,5133,Fukuyama
34,207,福山市,5233,Fukuyama
34,208,府中市,5133,Fuchu
34,208,府中市,5233,Fuchu
34,209,三次市,5132,Miyoshi
34,209,三次市,5133,Miyoshi
34,209,三次市,5232,Miyoshi
34,209,三次市,5233,Miyoshi
34,210,庄原市,5232,Shobara
34,210,庄原市,5233,Shobara
34,211,大竹市,5132,Otake
34,212,東広島市,5132,Higashihiroshima
34,213,廿日市市,5132,Hatsukaichi
34,214,安芸高田市,5132,Akitakata
34,214,安芸高田市,5232,Akitakata
34,215,江田島市,5132,Etajima
34,302,府中町,5132,Fuchu
34,304,海田町,5132,Kaita
34,307,熊野町,5132,Kumano
34,309,坂町,5132,Saka
34,368,安芸太田町,5132,Akiota
34,368,安芸太田町,5232,Akiota
34,369,北広島町,5132,Kitahiroshima
34,369,北広島町,5232,Kitahiroshima
34,431,大崎上島町,5132,Osakikamijima
34,462,世羅町,5132,Sera
34,462,世羅町,5133,Sera
34,462,世羅町,5232,Sera
34,462,世羅町,5233,Sera
34,545,神石高原町,5133,Jinseki Kogen
34,545,神石高原町,5233,Jinseki Kogen
35,201,下関市,5030,Shimonoseki
35,201,下関市,5031,Shimonoseki
35,201,下関市,5130,Shimonoseki
35,201,下関市,5131,Shimonoseki
35,202,宇部市,5031,Ube
35,202,宇部市,5131,Ube
35,203,山口市,5031,Yamaguchi
35,203,山口市,5131,Yamaguchi
35,204,萩市,5131,Hagi
35,204,萩市,5231,Hagi
35,206,防府市,5031,Hofu
35,206,防府市,5131,Hofu
35,207,下松市,5031,Kudamatsu
35,207,下松市,5131,Kudamatsu
35,208,岩国市,5032,Iwakuni
35,208,岩国市,5131,Iwakuni
35,208,岩国市,5132,Iwakuni
35,210,光市,5031,Hikari
35,210,光市,5032,Hikari
35,210,光市,5131,Hikari
35,210,光市,5132,Hikari
35,211,長門市,5130,Nagato
35,211,長門市,5131,Nagato
35,212,柳井市,5032,Yanai
35,212,柳井市,5132,Yanai
35,213,美祢市,5131,Mine
35,215,周南市,5031,Shunan
35,215,周南市,5131,Shunan
35,215,周南市,5132,Shunan
35,216,山陽小野田市,5031,Sanyo Onoda
35,216,山陽小野田市,5131,Sanyo Onoda
35,305,周防大島町,5032,Suou Oshima
35,305,周防大島町,5132,Suou Oshima
35,321,和木町,5132,Waki
35,341,上関町,5031,Kaminoseki
35,341,上関町,5032,Kaminoseki
35,343,田布施町,5031,Tabuse
35,343,田布施町,5032,Tabuse
35,343,田布施町,5132,Tabuse
35,344,平生町,5032,Hirao
35,502,阿武町,5131,Abu
36,201,徳島市,5034,Tokushima
36,201,徳島市,5134,Tokushima
36,202,鳴門市,5134,Naruto
36,203,小松島市,5034,Komatsushima
36,203,小松島市,5134,Komatsushima
36,204,阿南市,5034,Anan
36,205,吉野川市,5034,Yoshinogawa
36,205,吉野川市,5134,Yoshinogawa
36,206,阿波市,5134,Awa
36,207,美馬市,5034,Mima
36,207,美馬市,5133,Mima
36,207,美馬市,5134,Mima
36,208,三好市,5033,Miyoshi
36,208,三好市,5034,Miyoshi
36,208,三好市,5133,Miyoshi
36,208,三好市,5134,Miyoshi
36,301,勝浦町,5034,Katsuura
36,302,上勝町,5034,Kamikatsu
36,321,佐那河内村,5034,Sanagochi
36,321,佐那河内村,5134,Sanagochi
36,341,石井町,5134,Ishii
36,342,神山町,5034,Kamiyama
36,342,神山町,5134,Kamiyama
36,368,那賀町,5034,Naka
36,383,牟岐町,5034,Mugi
36,387,美波町,5034,Minami
36,388,海陽町,5034,Kaiyo
36,401,松茂町,5134,Matsushige
36,402,北島町,5134,Kitajima
36,403,藍住町,5134,Aizumi
36,404,板野町,5134,Itano
36,405,上板町,5134,Kamiita
36,468,つるぎ町,5033,Tsurugi
36,468,つるぎ町,5034,Tsurugi
36,468,つるぎ町,5133,Tsurugi
36,468,つるぎ町,5134,Tsurugi
36,489,東みよし町,5033,Higashimiyoshi
36,489,東みよし町,5034,Higashimiyoshi
36,489,東みよし町,5133,Higashimiyoshi
36,489,東みよし町,5134,Higashimiyoshi
37,201,高松市,5133,Takamatsu
37,201,高松市,5134,Takamatsu
37,202,丸亀市,5133,Marugame
37,203,坂出市,5133,Sakaide
37,204,善通寺市,5133,Zentsuji
37,205,観音寺市,5133,Kanonji
37,206,さぬき市,5134,Sanuki
37,207,東かがわ市,5134,Higashikagawa
37,208,三豊市,5133,Mitoyo
37,322,土庄町,5134,Tonosho
37,324,小豆島町,5134,Shodoshima
37,341,三木町,5134,Miki
37,364,直島町,5133,Naoshima
37,364,直島町,5134,Naoshima
37,386,宇多津町,5133,Utazu
37,387,綾川町,5133,Ayagawa
37,387,綾川町,5134,Ayagawa
37,403,琴平町,5133,Kotohira
37,404,多度津町,5133,Tadotsu
37,406,まんのう町,5133,Manno
37,406,まんのう町,5134,Manno
38,201,松山市,5032,Matsuyama
38,201,松山市,5132,Matsuyama
38,202,今治市,5032,Imabari
38,202,今治市,5033,Imabari
38,202,今治市,5132,Imabari
38,202,今治市,5133,Imabari
38,203,宇和島市,4932,Uwajima
38,203,宇和島市,5032,Uwajima
38,204,八幡浜市,5032,Yawatahama
38,205,新居浜市,5033,Niihama
38,205,新居浜市,5133,Niihama
38,206,西条市,5032,Saijo
38,206,西条市,5033,Saijo
38,207,大洲市,5032,Ozu
38,210,伊予市,5032,Iyo
38,213,四国中央市,5033,Shikokuchuo
38,213,四国中央市,5133,Shikokuchuo
38,214,西予市,4932,Seiyo
38,214,西予市,5032,Seiyo
38,215,東温市,5032,Toon
38,215,東温市,5033,Toon
38,356,上島町,5133,Kamijima
38,386,久万高原町,5032,Kumakogen
38,386,久万高原町,5033,Kumakogen
38,401,松前町,5032,Matsumae
38,402,砥部町,5032,Tobe
38,422,内子町,5032,Uchiko
38,442,伊方町,5032,Ikata
38,484,松野町,4932,Matsuno
38,488,鬼北町,4932,Kihoku
38,488,鬼北町,5032,Kihoku
38,506,愛南町,4932,Ainan
39,201,高知市,5033,Kochi
39,202,室戸市,4934,Muroto
39,202,室戸市,5034,Muroto
39,203,安芸市,5033,Aki
39,203,安芸市,5034,Aki
39,204,南国市,5033,Nankoku
39,205,土佐市,5033,Tosa
39,206,須崎市,4933,Susaki
39,206,須崎市,5033,Susaki
39,208,宿毛市,4932,Sukumo
39,209,土佐清水市,4932,Tosashimizu
39,209,土佐清水市,4933,Tosashimizu
39,210,四万十市,4932,Shimanto
39,210,四万十市,4933,Shimanto
39,211,香南市,5033,Konan
39,212,香美市,5033,Kami
39,212,香美市,5034,Kami
39,301,東洋町,5034,Toyo
39,302,奈半利町,5034,Nahari
39,303,田野町,5033,Tano
39,303,田野町,5034,Tano
39,304,安田町,5033,Yasuda
39,304,安田町,5034,Yasuda
39,305,北川村,5034,Kitagawa
39,306,馬路村,5034,Umaji
39,307,芸西村,5033,Geisei
39,341,本山町,5033,Motoyama
39,344,大豊町,5033,Otoyo
39,363,土佐町,5033,Tosa
39,364,大川村,5033,Okawa
39,386,いの町,5033,Ino
39,387,仁淀川町,5033,Niyodogawa
39,401,中土佐町,4933,Nakatosa
39,401,中土佐町,5033,Nakatosa
39,402,佐川町,5033,Sakawa
39,403,越知町,5033,Ochi
39,405,梼原町,4932,Yusuhara
39,405,梼原町,4933,Yusuhara
39,405,梼原町,5032,Yusuhara
39,405,梼原町,5033,Yusuhara
39,410,日高村,5033,Hidaka
39,411,津野町,5032,Tsuno
39,411,津野町,5033,Tsuno
39,412,四万十町,4932,Shimanto
39,412,四万十町,4933,Shimanto
39,412,四万十町,5033,Shimanto
39,424,大月町,4932,Otsuki
39,427,三原村,4932,Mihara
39,428,黒潮町,4932,Kuroshio
39,428,黒潮町,4933,Kuroshio
40,100,北九州市,5030,Kitakyushu
40,101,北九州市門司区,5030,"Moji, Kitakyushu"
40,101,北九州市門司区,5031,"Moji, Kitakyushu"
40,101,北九州市門司区,5130,"Moji, Kitakyushu"
40,101,北九州市門司区,5031,"Moji, Kitakyushu"
40,103,北九州市若松区,5030,"Wakamatsu, Kitakyushu"
40,103,北九州市若松区,5130,"Wakamatsu, Kitakyushu"
40,105,北九州市戸畑区,5030,"Tobata, Kitakyushu"
40,106,北九州市小倉北区,5030,"Kokurakita, Kitakyushu"
40,106,北九州市小倉北区,5130,"Kokurakita, Kitakyushu"
40,107,北九州市小倉南区,5030,"Kokuraminami, Kitakyushu"
40,107,北九州市小倉南区,5031,"Kokuraminami, Kitakyushu"
40,108,北九州市八幡東区,5030,"Yawatahigashi, Kitakyushu"
40,109,北九州市八幡西区,5030,"Yawatanishi, Kitakyushu"
40,130,福岡市,5030,Fukuoka
40,131,福岡市東区,5030,"Higasi, Fukuoka"
40,132,福岡市博多区,5030,"Hakata, Fukuoka"
40,133,福岡市中央区,5030,"Chuo, Fukuoka"
40,134,福岡市南区,5030,"Minami, Fukuoka"
40,135,福岡市西区,5030,"Nishi, Fukuoka"
40,136,福岡市城南区,5030,"Jonan, Fukuoka"
40,137,福岡市早良区,5030,"Sawara, Fukuoka"
40,202,大牟田市,4930,Omuta
40,203,久留米市,4930,Kurume
40,203,久留米市,5030,Kurume
40,204,直方市,5030,Nogata
40,205,飯塚市,5030,Iizuka
40,206,田川市,5030,Tagawa
40,207,柳川市,4930,Yanagawa
40,210,八女市,4930,Yame
40,211,筑後市,4930,Chikugo
40,212,大川市,4930,Okawa
40,213,行橋市,5030,Yukuhashi
40,213,行橋市,5031,Yukuhashi
40,214,豊前市,5030,Buzen
40,214,豊前市,5031,Buzen
40,215,中間市,5030,Nakama
40,216,小郡市,5030,Ogori
40,217,筑紫野市,5030,Chikushino
40,218,春日市,5030,Kasuga
40,219,大野城市,5030,Onojo
40,220,宗像市,5030,Munakata
40,220,宗像市,5130,Munakata
40,221,太宰府市,5030,Dazaifu
40,223,古賀市,5030,Koga
40,224,福津市,5030,Fukutsu
40,225,うきは市,4930,Ukiha
40,225,うきは市,5030,Ukiha
40,226,宮若市,5030,Miyawaka
40,227,嘉麻市,5030,Kama
40,228,朝倉市,5030,Asakura
40,229,みやま市,4930,Miyama
40,230,糸島市,5029,Itoshima
40,230,糸島市,5030,Itoshima
40,231,那珂川市,5030,Nakagawa
40,341,宇美町,5030,Umi
40,342,篠栗町,5030,Sasaguri
40,343,志免町,5030,Shime
40,344,須恵町,5030,Sue
40,345,新宮町,5030,Shingu
40,348,久山町,5030,Hisayama
40,349,粕屋町,5030,Kasuya
40,381,芦屋町,5030,Ashiya
40,382,水巻町,5030,Mizumaki
40,383,岡垣町,5030,Okagaki
40,384,遠賀町,5030,Onga
40,401,小竹町,5030,Kotake
40,402,鞍手町,5030,Kurate
40,421,桂川町,5030,Keisen
40,447,筑前町,5030,Chikuzen
40,448,東峰村,5030,Toho
40,503,大刀洗町,5030,Tachiara
40,522,大木町,4930,Oki
40,544,広川町,4930,Hirogawa
40,601,香春町,5030,Kawara
40,602,添田町,5030,Soeda
40,604,糸田町,5030,Itoda
40,605,川崎町,5030,Kawasaki
40,608,大任町,5030,Oto
40,609,赤村,5030,Aka
40,610,福智町,5030,Fukuchi
40,621,苅田町,5030,Kanda
40,621,苅田町,5031,Kanda
40,625,みやこ町,5030,Miyako
40,625,みやこ町,5031,Miyako
40,642,吉富町,5031,Yoshitomi
40,646,上毛町,5031,Koge
40,647,築上町,5030,Chikujo
40,647,築上町,5031,Chikujo
40,999,境界未定地域,5031,
41,201,佐賀市,4930,Saga
41,201,佐賀市,5030,Saga
41,202,唐津市,4929,Karatsu
41,202,唐津市,4930,Karatsu
41,202,唐津市,5029,Karatsu
41,202,唐津市,5030,Karatsu
41,203,鳥栖市,4930,Tosu
41,203,鳥栖市,5030,Tosu
41,204,多久市,4930,Taku
41,204,多久市,5030,Taku
41,205,伊万里市,4929,Imari
41,205,伊万里市,4930,Imari
41,205,伊万里市,5029,Imari
41,206,武雄市,4929,Takeo
41,206,武雄市,4930,Takeo
41,207,鹿島市,4930,Kashima
41,208,小城市,4930,Ogi
41,208,小城市,5030,Ogi
41,209,嬉野市,4929,Ureshino
41,209,嬉野市,4930,Ureshino
41,210,神埼市,4930,Kanzaki
41,210,神埼市,5030,Kanzaki
41,327,吉野ヶ里町,4930,Yoshinogari
41,327,吉野ヶ里町,5030,Yoshinogari
41,341,基山町,5030,Kiyama
41,345,上峰町,4930,Kamimine
41,345,上峰町,5030,Kamimine
41,346,みやき町,4930,Miyaki
41,346,みやき町,5030,Miyaki
41,387,玄海町,5029,Genkai
41,401,有田町,4929,Arita
41,423,大町町,4930,Omachi
41,424,江北町,4930,Kohoku
41,425,白石町,4930,Shiroishi
41,441,太良町,4930,Tara
42,201,長崎市,4829,Nagasaki
42,201,長崎市,4929,Nagasaki
42,202,佐世保市,4929,Sasebo
42,202,佐世保市,5029,Sasebo
42,203,島原市,4930,Shimabara
42,204,諫早市,4929,Isahaya
42,204,諫早市,4930,Isahaya
42,205,大村市,4929,Omura
42,205,大村市,4930,Omura
42,207,平戸市,4929,Hirado
42,207,平戸市,5029,Hirado
42,208,松浦市,4929,Matsuura
42,208,松浦市,5029,Matsuura
42,209,対馬市,5129,Tsushima
42,209,対馬市,5229,Tsushima
42,210,壱岐市,5029,Iki
42,211,五島市,4728,Goto
42,211,五島市,4828,Goto
42,211,五島市,4928,Goto
42,211,五島市,4929,Goto
42,212,西海市,4929,Saikai
42,213,雲仙市,4830,Unzen
42,213,雲仙市,4930,Unzen
42,214,南島原市,4830,Minami Shimabara
42,214,南島原市,4930,Minami Shimabara
42,307,長与町,4929,Nagayo
42,308,時津町,4929,Togitsu
42,321,東彼杵町,4929,Higashisonogi
42,321,東彼杵町,4930,Higashisonogi
42,322,川棚町,4929,Kawatana
42,323,波佐見町,4929,Hasami
42,383,小値賀町,4928,Ojika
42,383,小値賀町,4929,Ojika
42,391,佐々町,4929,Saza
42,411,新上五島町,4928,Shinkamigoto
42,411,新上五島町,4929,Shinkamigoto
43,100,熊本市,4930,Kumamoto
43,101,熊本市中央区,4930,"Chuo, Kumamoto"
43,102,熊本市東区,4930,"Higashi, Kumamoto"
43,103,熊本市西区,4930,"Nishi, Kumamoto"
43,104,熊本市南区,4830,"Minami, Kumamoto"
43,104,熊本市南区,4930,"Minami, Kumamoto"
43,105,熊本市北区,4930,"Kita, Kumamoto"
43,202,八代市,4830,Yatsushiro
43,202,八代市,4831,Yatsushiro
43,203,人吉市,4830,Hitoyoshi
43,204,荒尾市,4930,Arao
43,205,水俣市,4830,Minamata
43,206,玉名市,4930,Tamana
43,208,山鹿市,4930,Yamaga
43,210,菊池市,4930,Kikuchi
43,211,宇土市,4830,Uto
43,211,宇土市,4930,Uto
43,212,上天草市,4830,Kamiamakusa
43,213,宇城市,4830,Uki
43,213,宇城市,4930,Uki
43,214,阿蘇市,4930,Aso
43,214,阿蘇市,4931,Aso
43,215,天草市,4829,Amakusa
43,215,天草市,4830,Amakusa
43,216,合志市,4930,Koshi
43,348,美里町,4830,Misato
43,364,玉東町,4930,Gyokuto
43,367,南関町,4930,Nankan
43,368,長洲町,4930,Nagasu
43,369,和水町,4930,Nagomi
43,403,大津町,4930,Ozu
43,404,菊陽町,4930,Kikuyo
43,423,南小国町,4930,Minamioguni
43,423,南小国町,4931,Minamioguni
43,424,小国町,4930,Oguni
43,424,小国町,4931,Oguni
43,425,産山村,4931,Ubuyama
43,428,高森町,4931,Takamori
43,432,西原村,4930,Nishihara
43,433,南阿蘇村,4930,Minamiaso
43,433,南阿蘇村,4931,Minamiaso
43,441,御船町,4830,Mifune
43,441,御船町,4930,Mifune
43,442,嘉島町,4930,Kashima
43,443,益城町,4930,Mashiki
43,444,甲佐町,4830,Kosa
43,444,甲佐町,4930,Kosa
43,447,山都町,4830,Yamato
43,447,山都町,4831,Yamato
43,447,山都町,4930,Yamato
43,447,山都町,4931,Yamato
43,468,氷川町,4830,Hikawa
43,482,芦北町,4830,Ashikita
43,484,津奈木町,4830,Tsunagi
43,501,錦町,4830,Nishiki
43,505,多良木町,4830,Taragi
43,505,多良木町,4831,Taragi
43,506,湯前町,4830,Yunomae
43,506,湯前町,4831,Yunomae
43,507,水上村,4830,Mizukami
43,507,水上村,4831,Mizukami
43,510,相良村,4830,Sagara
43,511,五木村,4830,Itsuki
43,512,山江村,4830,Yamae
43,513,球磨村,4830,Kuma
43,514,あさぎり町,4830,Asagiri
43,531,苓北町,4830,Reihoku
44,201,大分市,4931,Oita
44,202,別府市,4931,Beppu
44,202,別府市,5031,Beppu
44,203,中津市,5030,Nakatsu
44,203,中津市,5031,Nakatsu
44,204,日田市,4930,Hita
44,204,日田市,4931,Hita
44,204,日田市,5030,Hita
44,204,日田市,5031,Hita
44,205,佐伯市,4931,Saiki
44,205,佐伯市,4932,Saiki
44,206,臼杵市,4931,Usuki
44,207,津久見市,4931,Tsukumi
44,207,津久見市,4932,Tsukumi
44,208,竹田市,4931,Taketa
44,209,豊後高田市,5031,Bungotakada
44,210,杵築市,5031,Kitsuki
44,211,宇佐市,4931,Usa
44,211,宇佐市,5031,Usa
44,212,豊後大野市,4931,Bungo Ono
44,213,由布市,4931,Yufu
44,214,国東市,5031,Kunisaki
44,322,姫島村,5031,Himeshima
44,341,日出町,5031,Hiji
44,461,九重町,4931,Kokonoe
44,462,玖珠町,4931,Kusu
44,462,玖珠町,5031,Kusu
45,201,宮崎市,4731,Miyazaki
45,201,宮崎市,4831,Miyazaki
45,202,都城市,4730,Miyakonojo
45,202,都城市,4731,Miyakonojo
45,203,延岡市,4831,Nobeoka
45,203,延岡市,4931,Nobeoka
45,204,日南市,4731,Nichinan
45,205,小林市,4730,Kobayashi
45,205,小林市,4731,Kobayashi
45,205,小林市,4830,Kobayashi
45,205,小林市,4831,Kobayashi
45,206,日向市,4831,Hyuga
45,207,串間市,4731,Kushima
45,208,西都市,4831,Saito
45,209,えびの市,4730,Ebino
45,209,えびの市,4830,Ebino
45,341,三股町,4731,Mimata
45,361,高原町,4730,Takaharu
45,361,高原町,4731,Takaharu
45,382,国富町,4731,Kunitomi
45,382,国富町,4831,Kunitomi
45,383,綾町,4731,Aya
45,383,綾町,4831,Aya
45,401,高鍋町,4831,Takanabe
45,402,新富町,4831,Shintomi
45,403,西米良村,4831,Nishimera
45,404,木城町,4831,Kijo
45,405,川南町,4831,Kawaminami
45,406,都農町,4831,Tsuno
45,421,門川町,4831,Kadogawa
45,429,諸塚村,4831,Morotsuka
45,430,椎葉村,4831,Shiiba
45,431,美郷町,4831,Misato
45,441,高千穂町,4831,Takachiho
45,441,高千穂町,4931,Takachiho
45,442,日之影町,4831,Hinokage
45,442,日之影町,4931,Hinokage
45,443,五ヶ瀬町,4831,Gokase
45,443,五ヶ瀬町,4931,Gokase
46,201,鹿児島市,4630,Kagoshima
46,201,鹿児島市,4730,Kagoshima
46,203,鹿屋市,4630,Kanoya
46,203,鹿屋市,4730,Kanoya
46,204,枕崎市,4630,Makurazaki
46,204,枕崎市,4730,Makurazaki
46,206,阿久根市,4730,Akune
46,206,阿久根市,4830,Akune
46,208,出水市,4730,Izumi
46,208,出水市,4830,Izumi
46,210,指宿市,4630,Ibusuki
46,213,西之表市,4530,Nishinoomote
46,213,西之表市,4531,Nishinoomote
46,213,西之表市,4630,Nishinoomote
46,213,西之表市,4631,Nishinoomote
46,214,垂水市,4730,Tarumizu
46,215,薩摩川内市,4729,Satsumasendai
46,215,薩摩川内市,4730,Satsumasendai
46,216,日置市,4730,Hioki
46,217,曽於市,4730,Soo
46,217,曽於市,4731,Soo
46,218,霧島市,4730,Kirishima
46,219,いちき串木野市,4730,Ichikikushikino
46,220,南さつま市,4629,Minamisatsuma
46,220,南さつま市,4630,Minamisatsuma
46,220,南さつま市,4730,Minamisatsuma
46,221,志布志市,4730,Shibushi
46,221,志布志市,4731,Shibushi
46,222,奄美市,4229,Amami
46,222,奄美市,4329,Amami
46,223,南九州市,4630,Minamikyushu
46,223,南九州市,4730,Minamikyushu
46,224,伊佐市,4730,Isa
46,224,伊佐市,4830,Isa
46,225,姶良市,4730,Aira
46,303,三島村,4629,Mishima
46,303,三島村,4630,Mishima
46,304,十島村,4328,Toshima
46,304,十島村,4329,Toshima
46,304,十島村,4429,Toshima
46,304,十島村,4529,Toshima
46,304,十島村,4530,Toshima
46,392,さつま町,4730,Satsuma
46,392,さつま町,4830,Satsuma
46,404,長島町,4830,Nagashima
46,452,湧水町,4730,Yusui
46,452,湧水町,4830,Yusui
46,468,大崎町,4730,Osaki
46,468,大崎町,4731,Osaki
46,482,東串良町,4730,Higashikushira
46,482,東串良町,4731,Higashikushira
46,490,錦江町,4630,Kinko
46,491,南大隅町,4630,Minami Osumi
46,492,肝付町,4630,Kimotsuki
46,492,肝付町,4631,Kimotsuki
46,492,肝付町,4730,Kimotsuki
46,492,肝付町,4731,Kimotsuki
46,501,中種子町,4530,Nakatane
46,501,中種子町,4531,Nakatane
46,502,南種子町,4530,Minamitane
46,505,屋久島町,4530,Yakushima
46,523,大和村,4229,Yamato
46,524,宇検村,4229,Uken
46,525,瀬戸内町,4129,Setouchi
46,525,瀬戸内町,4229,Setouchi
46,527,龍郷町,4229,Tatsugo
46,529,喜界町,4229,Kikai
46,529,喜界町,4230,Kikai
46,530,徳之島町,4128,Tokunoshima
46,530,徳之島町,4129,Tokunoshima
46,531,天城町,4128,Amagi
46,532,伊仙町,4128,Isen
46,532,伊仙町,4129,Isen
46,533,和泊町,4128,Wadomari
46,534,知名町,4028,China
46,534,知名町,4128,China
46,535,与論町,4028,Yoron
46,999,境界未定地域,4629,
47,201,那覇市,3927,Naha
47,205,宜野湾市,3927,Ginowan
47,207,石垣市,3624,Ishigaki
47,207,石垣市,3823,Ishigaki
47,207,石垣市,3824,Ishigaki
47,208,浦添市,3927,Urasoe
47,209,名護市,3927,Nago
47,209,名護市,3928,Nago
47,209,名護市,4027,Nago
47,209,名護市,4028,Nago
47,210,糸満市,3927,Itoman
47,211,沖縄市,3927,Okinawa
47,212,豊見城市,3927,Tomigusuku
47,213,うるま市,3927,Uruma
47,213,うるま市,3928,Uruma
47,214,宮古島市,3725,Miyakojima
47,215,南城市,3927,Nanjo
47,301,国頭村,4028,Kunigami
47,302,大宜味村,3928,Ogimi
47,302,大宜味村,4028,Ogimi
47,303,東村,3928,Higashi
47,303,東村,4028,Higashi
47,306,今帰仁村,3927,Nakijin
47,306,今帰仁村,4027,Nakijin
47,306,今帰仁村,4028,Nakijin
47,308,本部町,3927,Motobu
47,308,本部町,4027,Motobu
47,311,恩納村,3927,Onna
47,313,宜野座村,3927,Ginoza
47,313,宜野座村,3928,Ginoza
47,314,金武町,3927,Kin
47,315,伊江村,4027,Ie
47,324,読谷村,3927,Yomitan
47,325,嘉手納町,3927,Kadena
47,326,北谷町,3927,Chatan
47,327,北中城村,3927,Kitanakagusuku
47,328,中城村,3927,Nakagusuku
47,329,西原町,3927,Nishihara
47,348,与那原町,3927,Yonabaru
47,350,南風原町,3927,Haebaru
47,353,渡嘉敷村,3927,Tokashiki
47,354,座間味村,3927,Zamami
47,355,粟国村,3927,Aguni
47,356,渡名喜村,3927,Tonaki
47,357,南大東村,3831,Minamidaito
47,358,北大東村,3631,Kitadaito
47,358,北大東村,3831,Kitadaito
47,359,伊平屋村,4027,Iheya
47,359,伊平屋村,4028,Iheya
47,360,伊是名村,4027,Izena
47,361,久米島町,3926,Kumejima
47,361,久米島町,4128,Kumejima
47,362,八重瀬町,3927,Yaese
47,375,多良間村,3624,Tarama
47,375,多良間村,3724,Tarama
47,381,竹富町,3623,Taketomi
47,381,竹富町,3624,Taketomi
47,382,与那国町,3622,Yonaguni
47,382,与那国町,3623,Yonaguni
47,999,境界未定地域,3927,
